customer_age,monthly_spend,visits,complaints,customer_index,high_risk
19,526.1948582050591,13,1,0.8252619485820506,0
53,973.5132548639892,19,3,1.58973513254864,0
75,718.7605557915736,73,3,4.187187605557916,1
58,5.9832837333620414,26,1,2.1200598328373337,0
27,6.980277240765846,29,5,1.3000698027724078,0
58,483.1838576340804,19,2,1.7648318385763409,0
36,284.5441062260392,54,4,2.5628454410622608,1
22,3540.457309862873,32,1,1.675404573098629,0
23,37.12829696960041,34,1,1.740371282969696,0
70,16.10898642186503,4,2,1.4001610898642187,0
19,1.0285967840909624,53,3,2.260010285967841,0
41,455.8980338188808,28,4,1.624558980338189,0
53,11051.15258855026,8,2,1.3305115258855027,0
73,47.291453549760064,5,2,1.5004729145354976,0
67,1.2880615736941932,56,4,3.2600128806157374,1
19,50.74409890226448,54,1,2.460507440989023,0
66,20875.21667788884,26,1,2.4887521667788883,1
47,2.9183864995377755,31,1,2.100029183864996,0
77,126.36727779089009,15,1,2.061263672777909,0
56,7.0438554049354085,12,1,1.520070438554049,0
61,48359.30346740392,74,4,4.343593034674039,1
70,8323.535524062992,17,1,2.08323535524063,0
41,3.479223715336508,12,3,1.0600347922371534,0
20,102.22639747974884,32,1,1.6010222639747975,0
18,100.59593682899452,58,2,2.5210059593682894,1
30,9.385568699372698,20,2,1.2400938556869938,0
58,64.55475861917965,20,1,1.880645547586192,0
26,54.66485710551586,16,2,1.0005466485710552,0
38,7108.080154451358,39,3,2.1510808015445138,0
75,800.6503679093072,11,3,1.708006503679093,0
77,1102.2324110739455,59,3,3.671022324110739,1
57,94.33631183221004,47,1,2.940943363118322,1
33,6447.568974013911,30,2,1.7644756897401392,0
76,3384.7597905058337,1,1,1.5138475979050583,0
65,132.8208225954403,78,0,4.421328208225955,1
45,40.340625147188405,46,2,2.580403406251472,1
55,963.980511274856,13,0,1.6296398051127488,0
64,1783.5561740207056,28,2,2.2578355617402077,0
54,513.091319951301,61,3,3.285130913199513,1
62,45.3379781778596,6,0,1.4804533797817785,0
75,2449.804514097915,79,3,4.444498045140979,1
35,25.17708411769176,11,1,1.060251770841177,0
27,11802.956125343346,24,2,1.4580295612534335,0
50,235.39176568346937,36,2,2.2823539176568346,0
39,333.5861990867932,61,5,2.823335861990868,1
65,26.22710322592341,21,0,2.140262271032259,0
59,109950.65650237507,61,2,4.559506565023751,1
53,95.47537220756764,16,5,1.3009547537220758,0
37,13.339419899009416,32,0,2.0201333941989903,0
40,38.52700785689984,78,0,3.920385270078569,1
44,16.67479221675301,67,2,3.4001667479221678,1
68,1205.596585858301,73,2,4.132055965858583,1
77,245.6775317411052,71,2,4.2224567753174105,1
23,85.55215403569736,33,3,1.540855521540357,0
30,1546.584132822205,28,2,1.5754658413282223,0
50,78436.14445944123,43,3,3.264361444594412,1
78,60.21192774713316,30,2,2.600602119277471,1
71,75.69681780380817,74,2,4.220756968178038,1
45,841.0718212589662,42,2,2.4284107182125894,0
19,559.1376241176173,8,2,0.5455913762411762,0
62,1981.0600723604948,55,2,3.299810600723605,1
29,82493.28867579758,60,1,3.724932886757976,1
68,33315.898533707266,76,6,4.253158985337073,1
29,1281.7656398219274,1,1,0.5528176563982193,0
47,51848.99712971532,67,1,4.058489971297154,1
49,9369.544146197522,51,5,2.7136954414619754,1
67,808.5516176823248,46,1,3.108085516176823,1
59,18.75410083592101,26,1,2.140187541008359,0
77,2789.643566035077,55,1,3.687896435660351,1
51,1707.1362988918474,75,2,3.877071362988918,1
30,88.552674067153,12,3,0.8408855267406714,0
31,151.4238142043123,56,1,2.7815142381420435,1
30,678.4398404768345,33,4,1.6067843984047685,0
53,322.13158389141364,54,3,2.9832213158389145,1
42,5.770505545006518,59,2,3.0400577050554496,1
58,163.1496894527914,32,2,2.281631496894528,0
27,6803.122451207467,56,2,2.6880312245120748,1
68,1199.7129268897154,76,6,3.931997129268897,1
75,12334.275605134471,60,1,3.943342756051345,1
58,485.5670897618487,79,2,4.1648556708976185,1
29,441.99560079227336,35,2,1.824419956007923,0
18,2770.8674805894666,6,0,0.6277086748058947,0
41,1463.3911777455971,15,2,1.274633911777456,0
79,28.32363564595129,14,1,2.06028323635646,0
29,215.84012128557364,31,2,1.662158401212856,0
53,127.15454419756531,3,2,1.0212715454419758,0
68,908.9523799888764,55,2,3.4090895237998886,1
66,120.4986654850003,28,1,2.36120498665485,0
56,67.61235656216363,44,1,2.800676123565622,1
79,16409.02078165267,35,2,2.984090207816527,1
66,23.36892885089252,17,4,1.680233689288509,0
20,13366.524606550867,8,0,0.8536652460655088,0
77,11.366955963554489,71,1,4.300113669559636,1
60,2369.46199759308,53,6,2.8636946199759308,1
37,1770.856995623658,23,4,1.3577085699562366,0
36,2654.741427101667,17,2,1.266547414271017,0
78,616.8143480332005,75,2,4.406168143480332,1
58,20860.81307190433,79,2,4.368608130719043,1
45,8249.76716218357,74,2,3.782497671621836,1
76,378.327879264376,71,3,4.123783278792644,1
53,1373.2646455824847,63,6,3.113732646455825,1
63,9325.8804450999,45,6,2.6732588044509997,1
71,92579.77605023104,54,3,4.26579776050231,1
47,123.08117282642849,64,3,3.2612308117282645,1
39,3325.6640735694496,68,0,3.5332566407356945,1
59,195.3497997924312,44,1,2.8619534979979244,1
62,523.7404646717985,4,3,1.165237404646718,0
54,1338.0845363850483,1,0,1.1333808453638503,0
51,162.0556072659911,7,2,1.14162055607266,0
63,312.0142111051289,77,4,4.023120142111051,1
47,1537.630997061122,41,2,2.435376309970611,0
49,168.62683665430268,48,3,2.6616862683665428,1
29,3143.71170397024,44,2,2.2114371170397025,0
48,9808.67711046633,34,2,2.2580867711046637,0
29,292.8688258154202,14,1,1.062928688258154,0
62,0.9591664463358088,69,1,3.920009591664464,1
54,15.08832755168727,16,2,1.560150883275517,0
59,109.39475701333583,6,0,1.4210939475701332,0
41,270.07891633550423,39,1,2.302700789163355,0
72,19.73884164761258,19,3,1.960197388416476,0
48,34564.46848272868,25,3,2.0656446848272862,0
77,36.142681070584686,49,0,3.5003614268107057,1
45,309.4678783266643,46,2,2.5830946787832665,1
55,111.27749620273894,36,3,2.301112774962028,0
41,10900.227597367646,14,3,1.2490022759736763,0
60,25140.217292333004,50,4,3.13140217292333,1
45,148.85206013102112,3,4,0.7014885206013102,0
55,21.97867652157688,16,0,1.7402197867652158,0
50,434.8669867195017,29,2,2.004348669867195,0
21,246.84695587964788,32,3,1.4624684695587964,0
25,0.312693949394222,45,1,2.2200031269394938,0
46,107.76070512713063,67,1,3.5210776070512715,1
63,2.3051669187272417,22,2,1.9800230516691877,0
77,731.0592267537545,53,0,3.6673105922675377,1
59,97.11167115256694,70,3,3.740971116711526,1
23,2929.635830718923,2,2,0.4092963583071892,0
63,7866.579084800234,71,2,4.018665790848003,1
57,9987.507369392675,30,5,2.039875073693927,0
73,123.84388271823596,10,2,1.7012384388271824,0
74,55.10093558007999,79,1,4.560551009355801,1
74,888.2332077446928,3,3,1.3688823320774468,0
66,8785.28740051302,43,0,3.1278528740051303,1
32,19.808489448806643,4,3,0.5601980848944881,0
52,349088.70251552685,24,2,5.330887025155269,1
53,80.30986619325542,22,5,1.5408030986619328,0
70,125.38007528269308,2,4,1.161253800752827,0
50,3313.606932996178,18,1,1.6731360693299615,0
58,65.58053920866676,10,1,1.4806558053920864,0
45,106.71013477591582,51,4,2.621067101347759,1
18,185.27249828271124,36,3,1.5618527249828271,0
32,34.308574854840124,66,1,3.2003430857485484,1
59,158.71812822484722,50,1,3.101587181282248,1
76,27.489842700617288,17,0,2.2002748984270064,0
50,116.7226809655608,46,4,2.521167226809656,1
74,105.69602469636762,7,3,1.5210569602469637,0
54,4.4175752451239605,36,2,2.360044175752451,0
45,4152.099422272205,59,1,3.221520994222722,1
35,2770.648424741287,24,1,1.6077064842474127,0
31,3815.445294839489,24,2,1.458154452948395,0
66,83.47977960947601,64,2,3.720834797796095,1
73,6309.6843459006905,8,2,1.683096843459007,0
43,3.199515007917952,12,2,1.1800319951500793,0
68,237.3236750557394,41,1,2.9223732367505573,1
28,3562.276180341165,46,3,2.195622761803412,0
49,2908.227074648877,65,6,3.129082270746489,1
44,432.9072899556343,2,3,0.7243290728995563,0
73,183.42010875140144,53,2,3.4218342010875142,1
40,9901.612888443817,46,3,2.4990161288844384,1
28,9444.499032819887,68,2,3.214444990328199,1
62,42.16614039361751,76,2,4.120421661403936,1
51,28.991544159850648,57,3,3.060289915441599,1
70,87.88092513538997,14,0,1.960878809251354,0
68,130.81956283663078,17,4,1.7213081956283662,0
56,3257.245336632924,68,2,3.712572453366329,1
74,1.579631068694503,77,2,4.400015796310687,1
36,138.87665616832032,61,0,3.161388766561683,1
31,11100.730395986046,5,2,0.7710073039598605,0
45,437.79488366339314,26,1,1.8643779488366337,0
79,801.4485769088714,56,3,3.588014485769089,1
20,59.26977792532851,27,1,1.400592697779253,0
57,239.5977867807204,26,2,2.022395977867807,0
52,1364.996901296289,55,1,3.173649969012963,1
21,1020.3930524913392,73,3,3.1102039305249134,1
33,0.1197968723155109,13,4,0.860001197968723,0
48,249580.925833946,26,1,4.41580925833946,1
47,1036.1540694837154,74,2,3.750361540694837,1
28,2870.989838050094,14,1,1.068709898380501,0
52,24.00166216615333,71,1,3.800240016621661,1
44,1416.977331735802,34,5,1.8541697733173583,0
24,13.049913383134085,62,4,2.640130499133832,1
51,23.53553843438725,26,2,1.900235355384344,0
29,53.77765611218592,71,0,3.4205377765611216,1
48,7061.655074538331,15,0,1.6306165507453834,0
24,121.47342988150486,19,0,1.241214734298815,0
33,4521.3206008340985,23,6,1.145213206008341,0
49,11677.629095774828,25,3,1.8567762909577483,0
21,15.21286538765544,7,1,0.6201521286538766,0
29,67.47097117742726,5,4,0.4606747097117743,0
76,15.929972784393604,58,4,3.520159299727844,1
46,3034.857796311233,29,2,1.950348577963112,0
24,43.90351395362609,63,4,2.6804390351395364,1
25,770.8901984804169,70,0,3.3077089019848045,1
70,15741.501224577576,75,3,4.317415012245776,1
38,9045.783288054536,68,0,3.5704578328805456,1
59,421.8650550796581,10,1,1.5042186505507966,0
43,82.02102532872338,51,5,2.5008202102532877,1
52,5311.400757871477,36,3,2.293114007578714,0
25,21.23946341202968,15,1,1.0202123946341202,0
77,7806.813466036619,72,0,4.498068134660366,1
75,20310.679289696967,26,1,2.6631067928969694,1
39,167.57355863449968,31,2,1.861675735586345,0
23,2.15902630244117,7,1,0.6600215902630245,0
48,115.137902136436,32,1,2.1611513790213643,0
19,1479.9904851284025,19,3,0.914799904851284,0
39,12944.335686371216,40,0,2.509443356863712,1
66,172.04809308451377,37,2,2.6417204809308448,1
52,16761.881917854967,69,3,3.7276188191785495,1
57,10.745448949722888,4,2,1.1401074544894974,0
78,725.6361111169327,22,0,2.4472563611111693,0
18,10316.365642054703,42,4,1.823163656420547,0
24,926.9845267964668,44,3,2.0092698452679647,0
41,2399.6323492682054,75,2,3.683996323492682,1
36,1024.9450573918052,3,1,0.770249450573918,0
26,52.53704876152214,77,2,3.4405253704876158,1
40,6.199254344602838,6,3,0.8000619925434462,0
45,81147.93726377956,70,2,4.351479372637796,1
22,192.18581982582265,68,3,2.9219218581982584,1
68,543.6938439521215,22,1,2.1654369384395213,0
71,891.9283303850862,67,0,4.108919283303851,1
63,45.54038257031299,5,5,1.0604554038257032,0
33,87.59552913016427,21,1,1.4208759552913015,0
50,1516.6807643424495,29,4,1.8551668076434245,0
19,2678.9236268503546,51,2,2.286789236268504,0
41,309.0335500546942,74,3,3.5430903355005468,1
34,521.5920544134577,62,5,2.7652159205441347,1
39,6.647993582089794,11,3,0.980066479935821,0
29,3.708227566801784,16,0,1.220037082275668,0
21,4103.564898242975,41,0,2.10103564898243,0
71,2105.80508994795,73,1,4.281058050899479,1
75,140.68929372566947,20,0,2.3014068929372566,0
74,3.574004538375153,18,2,2.040035740045384,0
48,438.5974447629936,24,2,1.7643859744476298,0
37,295.33371003016964,62,1,3.142953337100302,1
51,5496.38756463209,79,3,3.994963875646321,1
28,2848.950667224096,76,1,3.548489506672241,1
32,2470.8391482808997,38,0,2.184708391482809,0
79,2234.635749639523,22,4,2.1623463574963955,0
49,14552.587866383525,65,4,3.4055258786638354,1
23,162.12373144673427,63,3,2.741621237314467,1
47,64.69973754701142,26,1,1.9006469973754705,0
28,352.1945680360589,9,2,0.7635219456803606,0
34,256.1808804053458,31,1,1.8425618088040532,0
66,183.2507198970748,79,2,4.3218325071989705,1
41,3439.61275126073,35,1,2.174396127512608,0
73,31425.74101339672,62,1,4.174257410133967,1
18,1327.7236232759203,25,1,1.2932772362327591,0
25,997.2217878290164,1,2,0.3899722178782902,0
41,35165.64490822929,34,3,2.291656449082293,0
54,50.3189623726841,65,3,3.440503189623727,1
65,10891.435290281284,31,2,2.488914352902813,1
66,23.106760806432792,45,2,2.9602310676080643,1
59,5331.124888694292,56,3,3.2333112488869427,1
43,401.3283654867587,37,1,2.2640132836548674,0
32,63.457725421987824,5,4,0.5206345772542198,0
42,34.205951567140495,48,3,2.520342059515671,1
36,15957.07455105127,47,0,2.759570745510513,1
18,440.0445452140983,50,4,2.044400445452141,0
76,218.99995103649496,22,5,2.002189999510365,0
27,1160.11262749428,65,2,2.9916011262749427,1
64,219.16754743010705,17,4,1.6421916754743011,0
19,5398.345391971692,20,4,0.9139834539197168,0
30,218.1099407154744,18,3,1.0821810994071546,0
42,2227.3574028372195,48,2,2.622273574028372,1
74,1.9110970462982344,46,4,3.0000191109704635,1
73,251.04304706313047,66,2,3.942510430470631,1
49,34.39997967464153,37,1,2.380343999796746,0
57,206.61955088303145,46,0,2.9820661955088306,1
55,735.0103136637936,47,3,2.747350103136638,1
36,677107.81875041,57,1,9.6910781875041,1
20,14.402103966640526,71,0,3.2401440210396664,1
69,147.0670988586453,77,3,4.2214706709885865,1
48,85.12533391184681,23,4,1.5608512533391183,0
34,1744.769149094779,31,4,1.6174476914909477,0
72,2485.5952027139683,1,2,1.3448559520271397,0
47,1280.2848532048738,76,8,3.3528028485320487,1
52,36.68618804549188,32,4,2.000366861880455,0
36,26.34527253944396,70,1,3.440263452725395,1
23,280.9491265299813,18,4,0.8628094912652997,0
19,561.0812094778424,52,1,2.3856108120947783,0
64,32.79670411691199,27,2,2.200327967041169,0
55,397.451404674297,65,1,3.623974514046743,1
46,9738.351622361704,72,3,3.657383516223617,1
24,428.4063489867079,29,3,1.404284063489867,0
23,2369.2403102476223,56,3,2.4836924031024763,1
22,522.0493609931418,52,2,2.3652204936099315,0
53,4828.963604690815,1,4,0.8282896360469081,0
76,2.70227414761177,25,1,2.440027022741476,0
51,27.287779525429727,31,2,2.100272877795254,0
43,73110.21271156824,76,2,4.471102127115683,1
22,49.34762006360008,28,2,1.4004934762006362,0
60,23.22527234991748,73,1,4.040232252723499,1
31,296.90499197949066,52,2,2.5429690499197948,1
47,11702.03618285683,41,2,2.537020361828568,1
30,13718.091384488764,65,2,3.177180913844888,1
74,835.1847263650711,8,4,1.4883518472636508,0
26,37090.72670893289,61,2,3.170907267089329,1
64,33347.445235925385,8,0,1.933474452359254,0
78,1130.0094442715251,61,1,3.931300094442715,1
32,0.7784971200847868,10,1,0.9600077849712008,0
37,263466.5553461527,76,3,6.174665553461527,1
31,130.03073766221377,14,3,0.9413003073766222,0
65,2142.944090687843,25,1,2.2414294409068782,0
39,8487.441262246883,73,1,3.704874412622469,1
60,67.84056599722642,73,4,3.800678405659972,1
29,632.2711397894583,32,2,1.7063227113978947,0
39,492.9539099359403,59,2,2.984929539099359,1
56,426.1848331872616,30,1,2.2442618483318726,0
57,206.01026626445824,17,2,1.6620601026626447,0
43,1478.288985093113,19,0,1.6347828898509311,0
24,7944.304668581787,18,0,1.279443046685818,0
45,4151.025907458619,5,2,0.9815102590745862,0
51,1007.8764778608306,61,2,3.3100787647786083,1
58,8.63931464570955,25,2,2.000086393146457,0
58,18931.66172533373,42,1,2.949316617253337,1
22,1193.0896771693142,51,0,2.4919308967716933,1
52,89.57802851567547,32,2,2.1608957802851565,0
52,252.20013420003283,23,0,1.9625220013420008,0
56,2145.2069275709214,66,5,3.381452069275709,1
19,1165.951068407981,47,3,2.03165951068408,0
34,267.2991954148279,24,3,1.4026729919541483,0
24,196.09434830780236,65,2,2.9219609434830778,1
18,22.879061469780726,34,3,1.4802287906146978,0
39,151.453651488104,39,1,2.261514536514881,0
77,69.73747334326357,27,2,2.4606973747334324,0
62,223.336007446674,45,2,2.8822333600744665,1
19,9428.894161463732,20,1,1.1942889416146374,0
21,50.96147433340228,70,2,3.060509614743334,1
49,75.6260095111185,52,1,2.980756260095111,1
23,273.95051537494896,76,3,3.2627395051537498,1
27,66.89899123311925,73,3,3.2206689899123315,1
70,313.2534287510678,4,1,1.4831325342875106,0
76,76.69977927616637,72,2,4.240766997792761,1
51,27.799291702050777,33,1,2.2602779929170205,0
44,811.8469387134637,64,5,3.0481184693871346,1
73,3488.097013690588,70,1,4.214880970136906,1
41,77.52302861278838,44,3,2.340775230286128,0
67,1626.94349838035,21,3,1.956269434983804,0
38,142.52304715176408,57,2,2.8814252304715176,1
74,99.19248380693546,49,4,3.1209919248380698,1
58,887.6116575875568,3,2,1.1288761165758754,0
63,262468.6408100866,42,2,5.404686408100866,1
60,0.6656431896714807,70,2,3.840006656431897,1
62,49993.49681355404,56,2,3.819934968135541,1
31,259.9112949685689,14,2,1.022599112949686,0
44,117.37065389789022,1,1,0.8411737065389789,0
56,209.60443398781547,53,2,3.0820960443398784,1
30,62.32514076158644,19,2,1.200623251407616,0
27,114.77655594707112,23,1,1.3811477655594708,0
64,5227.355423890615,59,3,3.4522735542389063,1
31,45.44369394412461,58,0,2.940454436939441,1
18,28270.8082573544,21,4,1.162708082573544,0
45,2127.3955363067785,44,1,2.601273955363068,1
35,108.99797534838444,56,1,2.861089979753484,1
72,36383.54429501911,27,3,2.643835442950192,1
30,5339.463026736253,9,0,1.0133946302673629,0
49,550.0388850679715,33,0,2.30550038885068,0
66,57.32434201504744,74,1,4.20057324342015,1
64,3128.1853914949565,75,3,4.071281853914949,1
29,1903.8650129703387,54,2,2.599038650129703,1
44,15.57052650035542,66,3,3.2801557052650034,1
53,18.326059338730683,40,2,2.500183260593388,1
40,141448.53203917606,44,0,3.9744853203917607,1
58,251.46639231341345,40,1,2.682514663923134,1
22,58.14754617774342,68,6,2.6805814754617776,1
30,11.03985899689479,7,1,0.800110398589969,0
77,87.85753922544158,44,3,3.0608785753922545,1
55,6406.385940062239,42,1,2.7640638594006224,1
59,4.359193273655196,78,4,3.980043591932736,1
78,1216.6519375776584,44,1,3.2521665193757765,1
49,118.1467422518956,8,2,1.1411814674225191,0
55,751.3209077403247,19,4,1.5475132090774033,0
56,89.15963959339086,37,3,2.360891596395934,0
36,179.0723201589524,8,1,0.9617907232015896,0
57,429.807884142733,76,1,4.104298078841428,1
39,21342.397056591748,49,5,2.5534239705659174,1
24,720.3729864696901,43,1,2.127203729864697,0
39,34326.04837473701,36,1,2.4832604837473697,1
61,568.5881943187336,67,2,3.7456858819431873,1
42,1497.6555845995588,71,0,3.694976555845996,1
69,30.050193961939343,28,1,2.42030050193962,0
63,2184.8447599247165,15,1,1.8018484475992471,0
77,393.6973846260741,39,1,3.0239369738462605,1
68,86.00371491113813,34,2,2.5608600371491117,1
57,8.584270092117215,47,7,2.4600858427009213,0
60,7622.941088448774,20,1,1.996229410884488,0
60,7024.1577232064965,67,1,3.870241577232065,1
30,1.607729082407353,50,2,2.440016077290824,0
51,4073.406471882744,73,4,3.660734064718828,1
50,800.2832738187036,34,4,2.048002832738188,0
49,339.21857112542057,38,0,2.503392185711254,1
40,3.354019590816337,57,1,3.0000335401959086,1
77,97.2732927712449,4,2,1.5409727329277123,0
53,938.8221605283046,58,0,3.389388221605283,1
21,17.53131946352359,44,3,1.9401753131946355,0
72,33.862096749964586,26,1,2.4003386209674997,0
19,145.47031697104077,51,4,2.101454703169711,0
34,8257.98523697377,8,0,1.082579852369738,0
43,7041.999957497347,77,4,3.690419999574974,1
20,2.4956937543673883,3,0,0.5200249569375437,0
22,2348.2189615512475,33,1,1.7034821896155123,0
22,4790.597189391026,32,5,1.3679059718939102,0
63,198.5597493052996,65,3,3.621985597493053,1
37,1543.5180202519894,21,1,1.5154351802025197,0
21,36125.136861634666,73,1,3.6212513686163454,1
30,31.048758558105558,20,1,1.320310487585581,0
62,6648.607795953913,69,2,3.9064860779595394,1
73,104.33576382167392,30,0,2.6610433576382166,1
29,16501.423193392595,78,2,3.7050142319339257,1
57,23.06904108481255,3,3,1.0202306904108485,0
65,15.259229067243192,19,4,1.7401525922906724,0
47,7387.7082741737695,6,2,1.093877082741738,0
30,1115.6121918729357,73,3,3.2911561219187293,1
56,699.4306068727325,58,1,3.3669943060687277,1
19,3995.271098186604,23,0,1.339952710981866,0
18,471.1532897563882,56,3,2.364711532897564,0
23,2484.6344749293744,35,3,1.644846344749294,0
53,1105.067706807042,78,0,4.191050677068071,1
22,1339.913293359156,5,1,0.5733991329335916,0
73,6060.251547687375,69,1,4.200602515476874,1
75,348.5908822760524,14,5,1.6634859088227607,0
38,287.72425063294213,32,6,1.5628772425063295,0
66,90.59471683947773,19,2,1.920905947168395,0
28,43.81011412984754,40,3,1.9204381011412983,0
58,587391.536134055,64,0,9.593915361340551,1
70,18.5141440808076,28,3,2.280185141440808,0
24,167.15645079361687,72,0,3.361671564507936,1
74,444.1009900514388,26,3,2.2844410099005144,0
38,320.39620798261484,56,1,2.9232039620798265,1
45,7642.246190547611,67,1,3.576422461905476,1
45,7.23745405390797,27,2,1.8200723745405396,0
77,335.3618077842733,48,3,3.2233536180778426,1
37,1544.8097860666985,69,2,3.355448097860667,1
56,578.8597177783827,34,5,2.085788597177784,0
20,8.31932983335375,79,2,3.4000831932983338,1
57,664.6208162130229,50,3,2.9066462081621305,1
46,3083.8470715845547,46,6,2.310838470715846,0
78,184.1660298432146,38,2,2.921841660298432,1
74,42.58766229002369,20,1,2.2004258766229,0
49,95.56976715351438,43,2,2.540955697671535,1
19,11791.728399786654,46,2,2.1779172839978664,0
27,3439.505082322938,54,2,2.574395050823229,1
33,7.582850185937652,21,1,1.420075828501859,0
61,368.3939580809139,23,2,1.983683939580809,0
74,12.999963337411762,19,1,2.160129999633374,0
76,5.801558363233788,3,0,1.6400580155836324,0
49,6610.738440187752,18,3,1.5261073844018775,0
77,1926.452161989868,32,3,2.599264521619899,1
65,834.3353653434825,25,1,2.2283433536534347,0
54,130.80100195531136,3,4,0.8813080100195532,0
49,2.6060000021580025,25,3,1.7400260600000217,0
41,1604.254759671965,63,1,3.2760425475967194,1
29,4015.386446020445,16,4,0.9401538644602044,0
22,304.376822923956,1,3,0.2430437682292395,0
33,419664.50000430096,22,4,5.41664500004301,1
23,3089.3629308534764,26,1,1.4508936293085348,0
70,72.95170365878803,20,5,1.8007295170365882,0
59,965.7346354712632,36,1,2.5496573463547128,1
33,931.8532736903132,27,0,1.7493185327369032,0
69,13.112295052086733,27,4,2.140131122950521,0
72,317.3544433236211,5,4,1.323173544433236,0
60,254.57954890891008,53,2,3.162545795489089,1
62,2438.011377585946,48,1,3.1043801137758598,1
44,51815.96159337059,18,3,1.8781596159337064,0
74,9475.200598993892,15,3,1.934752005989939,0
27,1.4794644737957496,15,3,0.9000147946447379,0
74,1094.240513537939,5,1,1.6109424051353791,0
54,1.648830541390695,47,2,2.800016488305414,1
62,3394.180673332892,49,2,3.0739418067333286,1
64,668.0290157516259,50,1,3.206680290157516,1
48,11.061838332524024,12,3,1.2001106183833252,0
22,14.412941000198549,25,1,1.3601441294100018,0
55,54.32680376855278,44,0,2.8605432680376857,1
37,205.2604828101828,64,2,3.142052604828102,1
72,8.493788242421664,39,2,2.840084937882424,1
63,396.6321113775497,56,4,3.183966321113776,1
40,506.768535085872,60,5,2.805067685350859,1
75,36.23879548343537,24,1,2.3803623879548343,0
42,859.2160822047247,27,1,1.8485921608220472,0
45,267.27730395972804,22,2,1.6226727730395971,0
51,257.3836036058599,57,7,2.7425738360360588,1
46,871.0101210543221,47,1,2.7287101012105435,1
75,29.92565426144186,24,0,2.4602992565426143,0
39,11449.006557954955,47,1,2.69449006557955,1
50,621.1425506113058,19,3,1.526211425506113,0
47,7.268747279162548,78,3,3.8200726874727913,1
22,148.40225090799808,37,2,1.76148402250908,0
55,32.28205969163219,36,2,2.380322820596916,0
58,421.1520296506521,9,3,1.2842115202965063,0
60,29.925502783381283,30,1,2.320299255027834,0
39,20.34266167718789,58,3,2.8602034266167715,1
26,5735.507428997124,55,1,2.6973550742899715,1
76,4612.123359279216,20,1,2.286121233592792,0
53,49.75685380269891,42,0,2.740497568538027,1
35,212.7811016176752,4,0,0.8621278110161769,0
41,541.484499952605,15,2,1.2654148449995262,0
64,17.754260813935105,70,1,4.00017754260814,1
51,573.0646239047666,20,2,1.6657306462390478,0
71,67.78355396584463,39,3,2.7406778355396586,1
49,5713.236073280306,79,3,3.9571323607328033,1
40,501.1191294827015,60,3,2.9650111912948267,1
70,65.1952381603486,17,1,2.000651952381604,0
79,603.2050649644867,49,3,3.306032050649645,1
18,686.9092334257539,78,0,3.4868690923342576,1
63,26.906600400949724,5,4,1.1402690660040091,0
31,143.70423379629133,47,1,2.421437042337963,0
28,27.33193551755997,23,1,1.4002733193551755,0
60,3.35222923668017,14,1,1.6800335222923668,0
77,3.6036299425171374,38,0,3.060036036299425,1
37,9357.48362730509,1,1,0.7935748362730509,0
34,23226.149637551214,15,5,1.1122614963755124,0
20,150.2962733596802,18,6,0.6415029627335969,0
46,843.5477262600142,17,1,1.5284354772626,0
23,68.50429457816658,53,3,2.3406850429457817,0
76,789.4188907755964,2,2,1.447894188907756,0
76,32.95788274213411,27,3,2.3603295788274217,0
63,6287.75055585144,61,1,3.6828775055585146,1
78,53.07757422386709,20,3,2.120530775742239,0
74,79.20813111663783,34,3,2.600792081311166,1
32,72.28419842529776,32,1,1.840722841984253,0
61,178.1275413678978,55,2,3.261781275413679,1
76,297.8991296780374,31,2,2.60297899129678,1
20,66.86318947199271,35,1,1.72066863189472,0
33,193.69267758996256,79,1,3.7419369267759,1
65,3943.946300760765,44,5,2.699439463007608,1
60,1025.352103450681,31,1,2.3702535210345066,0
72,120.48467928033784,56,1,3.6012048467928035,1
63,24.463424917180877,62,3,3.500244634249172,1
74,1144.5333656729397,71,2,4.171445333656729,1
26,149.4020848208409,40,5,1.7214940208482088,0
43,19.639215807865668,53,3,2.7401963921580785,1
51,54.18219562729183,54,1,3.100541821956273,1
44,12.99979631240206,58,1,3.120129997963124,1
42,2506.0805758460224,12,2,1.1850608057584602,0
77,18.85273041852787,4,2,1.540188527304185,0
65,955.0410916752246,71,1,4.069550410916753,1
51,20.813890047073823,38,1,2.4602081389004704,0
76,479.2289461072237,62,4,3.684792289461072,1
26,3.5287106372529733,62,2,2.8400352871063723,1
69,9607.74476707511,47,3,3.116077447670751,1
46,4023.81128365034,69,2,3.560238112836504,1
46,8271.443319606826,22,0,1.8827144331960683,0
45,70.31531588178706,7,2,1.020703153158818,0
20,39.850549707661614,79,2,3.4003985054970767,1
26,28989.04416949488,4,0,0.9698904416949488,0
45,1293.6861649226942,5,1,1.032936861649227,0
49,18.08823589978976,8,2,1.140180882358998,0
38,730.9171108437962,11,2,1.047309171108438,0
75,169.82624319339794,9,3,1.621698262431934,0
36,854.1409040276839,20,1,1.4485414090402768,0
52,44.21269557654312,48,0,2.960442126955765,1
67,97.7016573195165,44,4,2.780977016573196,1
38,2.118587104294302,45,2,2.4000211858710427,0
29,3349.811885994985,71,1,3.373498118859949,1
19,229.6631873466799,68,4,2.782296631873467,1
76,23.12860650674137,46,3,3.120231286065067,1
33,34.56191172038542,68,0,3.380345619117204,1
65,226.00387093700297,64,2,3.70226003870937,1
53,86.7275852215147,14,2,1.4608672758522154,0
47,324623.193875209,2,2,4.1062319387520905,1
21,7238.240347193603,36,2,1.772382403471936,0
74,43.90974478005386,11,3,1.6804390974478003,0
49,24.06346823058513,56,0,3.2202406346823063,1
74,23.78527753598933,7,3,1.52023785277536,0
24,591.9576411066223,55,3,2.4459195764110664,0
78,256.5751882223704,76,0,4.602565751882224,1
44,27.618768488779423,27,3,1.720276187684888,0
46,7932.151337345315,32,2,2.1193215133734533,0
61,7955.069746142697,72,0,4.179550697461427,1
51,27.61823732895743,24,2,1.8202761823732896,0
53,20335.36930543852,57,3,3.303353693054385,1
75,2606.7945755083265,56,2,3.606067945755084,1
28,7356.629154723866,67,3,3.0735662915472397,1
38,7759.318591604158,4,2,0.8375931859160416,0
23,3493.5030518812523,64,2,2.8949350305188126,1
57,163.43434488411884,55,1,3.2616343434488417,1
69,65.63005038289907,39,1,2.860656300503829,1
48,438.0667272708332,70,2,3.604380667272709,1
63,2178.443823940853,16,0,1.9217844382394085,0
29,1.2476940078702028,67,1,3.1800124769400786,1
76,4.5040953194550255,48,1,3.360045040953194,1
44,38.55793845053084,19,4,1.3203855793845054,0
74,7418.32479251577,47,0,3.4341832479251577,1
52,34.17500402315278,13,1,1.4803417500402316,0
62,268.38842155553,46,1,3.002683884215555,1
77,397.5414822732375,53,6,3.1839754148227324,1
79,239.42501296095776,13,4,1.7823942501296095,0
47,73617.31779404441,49,2,3.476173177940444,1
71,198.36637664559572,44,1,3.101983663766456,1
41,271.68273252667774,34,3,1.942716827325267,0
27,265.3664595704835,30,2,1.582653664595705,0
66,1350.6027980086262,57,2,3.4535060279800867,1
77,20.803459576203736,13,2,1.9002080345957624,0
62,6948.612093455835,49,0,3.269486120934558,1
23,41.70103820692351,73,3,3.1404170103820688,1
23,27.64385661277912,10,4,0.5402764385661278,0
38,47.83566280776855,70,1,3.480478356628078,1
61,1374.6712326818526,19,1,1.9137467123268184,0
54,1271.3525756292277,62,1,3.492713525756292,1
37,14847.072672300175,31,2,1.968470726723002,0
78,14494.263049962896,66,1,4.264942630499629,1
63,464.8080263098328,57,0,3.544648080263099,1
38,5029.837442674858,76,1,3.7702983744267486,1
23,43.20917765917861,15,3,0.8204320917765917,0
61,150.2567108669876,79,2,4.22150256710867,1
49,175.7484656404406,49,1,2.861757484656404,1
78,0.9891997208623212,30,0,2.7600098919972087,1
50,42.75251991519772,48,1,2.840427525199152,1
31,779.0294707563069,2,1,0.6277902947075631,0
53,6966.091273434745,2,0,1.2096609127343476,0
60,203.1647420294296,65,2,3.6420316474202954,1
32,4.8300818618226335,50,1,2.560048300818618,1
41,7.707734701353277,77,0,3.9000770773470137,1
42,133456.9931205125,44,2,3.774569931205125,1
73,2634.0548749879936,1,1,1.44634054874988,0
44,1788.4982283771878,40,5,2.097884982283772,0
38,15.622074301016957,40,2,2.2001562207430103,0
27,1491.7377582315935,70,0,3.354917377582316,1
77,5652.11002997739,78,2,4.556521100299774,1
58,1.2395138869769402,77,3,4.000012395138869,1
75,32442.88944454985,72,0,4.704428894445499,1
58,5916.402487597324,37,4,2.379164024875973,0
61,544.0395039415951,36,1,2.585440395039416,1
25,492.2105568488609,44,1,2.1849221055684884,0
41,34.11974943267848,2,2,0.7403411974943268,0
73,287.52633603954155,62,3,3.7028752633603954,1
57,77.07954348819901,77,2,4.060770795434882,1
26,840.4887595205731,56,1,2.688404887595206,1
46,6.174469176004084,34,1,2.20006174469176,0
62,3529.4935291110382,21,1,2.0352949352911103,0
18,140.6252189256836,40,1,1.8814062521892567,0
38,3663.548163096229,43,0,2.516635481630962,1
68,341.1998741009991,63,2,3.72341199874101,1
66,110.34147300768676,39,1,2.801103414730077,1
31,46.08822871456852,77,3,3.460460882287146,1
31,13.806864257341095,28,3,1.5001380686425734,0
77,4911.859762655322,72,2,4.3091185976265525,1
40,229.8240234066957,33,3,1.882298240234067,0
43,3.2725632214909863,32,3,1.900032725632215,0
41,4.896066801865518,78,0,3.940048960668019,1
51,49.962624963412246,63,1,3.460499626249634,1
61,909.5134643851312,30,5,2.029095134643851,0
77,11647.690974021749,10,2,1.8964769097402172,0
52,256.9589416529023,19,1,1.722569589416529,0
30,2562.51150958435,16,2,1.1056251150958436,0
58,225.27365434004045,32,1,2.3622527365434003,0
35,1008.5892605484136,26,5,1.3500858926054842,0
52,1380.382925378339,52,3,2.893803829253783,1
65,142.27913652260017,12,1,1.701422791365226,0
56,1261.1454688185063,64,2,3.532611454688185,1
19,46.87520162895717,58,0,2.7004687520162896,1
20,856.5379377401784,29,0,1.5685653793774017,0
79,89.14632058981886,50,2,3.420891463205898,1
74,24.73873377245676,50,3,3.2402473873377247,1
22,131196.18730523394,21,1,2.511961873052339,1
35,68.4862398856246,25,1,1.620684862398856,0
61,1009.2199606535754,59,2,3.4300921996065354,1
29,1736.7535600138042,22,1,1.397367535600138,0
63,172.8069981209074,64,1,3.741728069981209,1
57,80.9979809341384,9,4,1.1808099798093414,0
76,16.150851682984026,76,2,4.400161508516829,1
41,798.5692605819982,44,4,2.26798569260582,0
69,22492.9908929134,72,2,4.324929908929134,1
47,4475.596588747818,44,4,2.424755965887478,0
69,73.25757159400516,19,3,1.90073257571594,0
69,4.180859628988324,26,3,2.1800418085962896,0
56,692.9928452474854,32,1,2.3269299284524747,0
63,3040.32496116223,43,1,2.930403249611622,1
49,3608.407406989693,69,4,3.456084074069897,1
64,3.891708691092461,46,4,2.800038917086911,1
28,164.1382224418421,79,1,3.6416413822244182,1
77,1525.2361395411476,49,1,3.435252361395412,1
43,107.93177400301025,31,2,1.9410793177400305,0
50,20.063889927487683,51,2,2.8802006388992747,1
62,171.78948635619372,65,3,3.6017178948635618,1
22,699.8658652309988,72,4,3.00699865865231,1
60,115.47455635457642,77,4,3.961154745563546,1
20,10.32251921958246,27,1,1.400103225192196,0
32,6782.830241504929,42,2,2.227828302415049,0
73,134.6814738906609,34,1,2.741346814738906,1
36,152.46619893289693,70,2,3.3615246619893293,1
49,399.8383241840645,48,2,2.7439983832418404,1
78,82.3052507117232,6,3,1.5608230525071174,0
44,4794.376043870964,67,4,3.28794376043871,1
38,266.2290045794834,12,3,1.0026622900457949,0
25,20.396199609852168,70,2,3.1402039619960984,1
22,38.705207734367264,13,2,0.8003870520773436,0
42,67.26728548745514,23,6,1.2806726728548743,0
31,7110.544881270629,48,1,2.5311054488127063,1
78,0.4412731948490166,39,2,2.9600044127319487,1
67,30.30961315959217,4,1,1.420303096131596,0
29,449.07154709574775,53,4,2.3844907154709576,0
55,519.1203100871061,47,0,2.985191203100871,1
72,81.95564767961805,22,3,2.080819556476796,0
53,1389.6938774790278,9,1,1.35389693877479,0
70,610.6462105106507,18,3,1.886106462105107,0
43,48.13504163199066,1,2,0.7404813504163199,0
48,14591.684115749478,73,0,4.025916841157494,1
20,126.32359240769912,47,1,2.201263235924077,0
71,11444.542704766533,24,0,2.494445427047665,1
44,76.04554607939218,64,2,3.280760455460794,1
57,2816.396807896368,33,3,2.248163968078964,0
32,162.4916721834342,17,6,0.8416249167218344,0
37,612.0411564118474,21,2,1.4261204115641186,0
39,1934.2981035484283,65,1,3.319342981035484,1
30,5866.924208550293,59,4,2.698669242085503,1
26,15.568215425470752,23,2,1.2801556821542548,0
55,79.70820039667188,37,2,2.4207970820039666,0
74,39293.659905828725,45,2,3.5129365990582877,1
55,300.0791169761692,14,2,1.5030007911697618,0
43,389.2084743697856,52,2,2.7838920847436976,1
70,1548.8391851740794,46,0,3.255488391851741,1
47,115.6511589132301,73,1,3.781156511589132,1
27,1286.502990582361,73,2,3.3128650299058235,1
31,211.96052425370465,19,3,1.142119605242537,0
77,34.35077378709663,55,1,3.660343507737872,1
47,1338.6544481112244,34,3,2.073386544481112,0
34,120.84652979644092,33,1,1.9212084652979649,0
74,1485.834141632664,52,4,3.254858341416327,1
27,692.8197019319945,55,0,2.74692819701932,1
77,26.654418342883943,56,1,3.700266544183429,1
71,265.94058230378937,38,3,2.702659405823038,1
78,110.62161782749034,41,2,3.041106216178275,1
42,100.624779145169,78,2,3.801006247791452,1
46,4892.483821776429,69,0,3.7289248382177647,1
42,515.1625661333131,44,0,2.605151625661333,1
63,2022.793907772156,34,2,2.480227939077721,0
34,23.017910143513244,18,2,1.2402301791014352,0
21,1296.2556195277818,16,1,0.9929625561952778,0
38,45.992257127137776,28,3,1.6404599225712715,0
46,148.3704702146541,75,4,3.601483704702147,1
33,19.11459340251501,33,3,1.7401911459340254,0
68,1606.3954269914564,7,3,1.4160639542699147,0
27,163.96065026072108,8,3,0.6216396065026073,0
66,301.80909994201005,15,2,1.7630180909994204,0
52,6135.6596357244825,73,0,4.021356596357245,1
22,11478.01288046178,34,1,1.834780128804618,0
35,262.4980555906594,8,0,1.022624980555907,0
37,3636.637130135464,8,4,0.7763663713013547,0
65,117.10697870537854,2,2,1.221171069787054,0
32,0.5887570584587125,63,3,2.9200058875705848,1
70,59.6946530271075,56,0,3.640596946530272,1
37,945.8132037308995,74,2,3.5494581320373086,1
26,315.8366144977929,8,4,0.5231583661449779,0
77,925.625671937794,15,2,1.989256256719378,0
58,487.0486874511834,36,1,2.5248704868745118,1
35,9175.042289744542,35,3,1.9517504228974456,0
27,18.474979066115875,36,2,1.8201847497906607,0
76,4944.339382385637,11,5,1.6094433938238564,0
67,29708.279066230887,71,3,4.237082790662308,1
79,0.4360593789219637,43,2,3.140004360593789,1
54,3826.8615497105743,31,3,2.1182686154971053,0
59,30414.623941728303,35,2,2.724146239417283,1
29,167.58211869398963,52,1,2.58167582118694,1
74,9929.954879374103,14,0,2.1392995487937414,0
32,18060.288855828974,32,1,2.02060288855829,0
19,2126.9104885849783,68,4,2.8012691048858502,1
57,1208.1600112561853,61,0,3.5920816001125617,1
71,27.74397054290157,27,0,2.500277439705429,1
43,4370.88465461088,38,1,2.3437088465461087,0
25,66.46846500795957,16,3,0.9006646846500796,0
58,3564.9247397474155,40,5,2.395649247397474,0
25,726.559660236116,17,2,1.0272655966023614,0
64,11125.179695218623,14,3,1.7112517969521863,0
56,4785.962073176287,31,1,2.327859620731763,0
39,80.81167224913122,70,0,3.5808081167224914,1
65,7601.157979402532,57,2,3.496011579794025,1
49,321.949887762038,63,1,3.423219498877621,1
70,12329.689880740438,27,2,2.4432968988074046,0
61,313.4380816451886,42,5,2.503134380816452,1
64,32.11876688334055,15,1,1.8003211876688332,0
57,824.3430845231916,25,3,1.9082434308452323,0
25,68.36745582761269,60,3,2.660683674558276,1
53,18.843238824226518,34,3,2.180188432388242,0
67,5238.39296153932,36,4,2.5123839296153934,1
39,2092.545696307496,48,3,2.4809254569630745,0
19,13987.533646254702,12,1,0.919875336462547,0
27,22.723701244879877,69,3,3.060227237012449,1
76,72.68659173657497,36,2,2.8007268659173654,1
25,403.4473958559518,13,0,1.0240344739585594,0
56,3189.911791061006,65,1,3.67189911791061,1
59,82.45326137946712,3,3,1.0608245326137948,0
48,9238.54593177029,31,2,2.1323854593177027,0
53,56306.50932365925,14,4,1.8630650932365929,0
37,12658.415357100468,70,3,3.426584153571005,1
51,3845.886104743113,66,3,3.458458861047431,1
74,23.914883019123312,18,1,2.120239148830191,0
49,171.72104609670444,76,3,3.7817172104609664,1
64,44.81527306924144,19,4,1.7204481527306923,0
54,188.8220280504378,1,1,1.0418882202805044,0
29,61.611977955647006,54,3,2.500616119779557,1
78,18236.17819835993,69,3,4.2623617819836,1
33,33.19820216213399,12,3,0.9003319820216213,0
27,345.0293426969304,77,0,3.6234502934269694,1
75,70.49694752762916,36,3,2.700704969475276,1
55,58.76705058659983,43,1,2.740587670505866,1
67,4.073460337078861,72,3,3.980040734603371,1
63,151.8748966316122,13,2,1.6215187489663163,0
74,138.48481609736294,23,2,2.241384848160973,0
43,476.7376572386858,37,3,2.1047673765723864,0
68,15022.126817600578,63,2,3.8702212681760058,1
40,189.6886966820924,6,2,0.8818968869668208,0
77,21083.70775137839,78,2,4.710837077513784,1
56,22.05381289619873,29,4,1.9602205381289617,0
43,67.67251046674392,52,3,2.7006767251046675,1
65,2803.967801604841,76,0,4.368039678016048,1
51,20.17479547152191,41,3,2.4202017479547155,0
73,126.96826906695242,44,1,3.1412696826906696,1
56,1421.2496862795915,3,3,1.014212496862796,0
22,240.51372776064449,72,2,3.1624051372776063,1
78,10030.500915083996,71,4,4.18030500915084,1
69,297.37522395722544,53,2,3.3429737522395726,1
65,42.69427861077583,22,5,1.7804269427861077,0
19,1077.745131688469,44,1,2.070777451316885,0
20,16.57315172724587,75,0,3.4001657315172724,1
45,6807.97616438064,44,1,2.6480797616438063,1
64,116.10265928452544,55,3,3.241161026592845,1
25,25.89198614672457,64,0,3.060258919861467,1
19,8.535159387442748,20,2,1.0200853515938746,0
55,14608.104091522957,27,2,2.1660810409152296,0
77,441.1702701328289,27,2,2.4644117027013284,0
49,12650.490987484316,36,0,2.546504909874843,1
63,5940.052106985579,66,1,3.879400521069856,1
77,9.815803201495005,54,3,3.460098158032016,1
41,799.8914101446959,63,0,3.347998914101447,1
18,794.0799862969232,46,0,2.207940799862969,0
23,3.4014616566921685,24,4,1.1000340146165668,0
36,120.64882011943332,18,3,1.2012064882011944,0
76,20932.351598226705,41,4,3.049323515982268,1
31,117.71201393701246,5,0,0.82117712013937,0
20,2027.501172382278,53,2,2.380275011723823,0
56,1.5138742115049115,39,2,2.520015138742115,1
40,200.72567100691757,1,2,0.6820072567100692,0
36,15.831995678397474,62,1,3.120158319956784,1
58,235.100618037086,10,4,1.2423510061803709,0
57,9584.861134225765,60,2,3.4758486113422578,1
77,284804.34807883296,40,6,5.508043480788329,1
19,17.937273751647,56,4,2.300179372737517,0
66,192.686434166424,22,2,2.041926864341664,0
31,1024.5903653484809,77,1,3.630245903653485,1
41,105.4502216386482,61,2,3.1010545022163862,1
20,1776.8829499208532,4,2,0.4177688294992085,0
34,1915.203136108364,77,1,3.699152031361084,1
75,12328.067863909995,26,1,2.5832806786391,1
73,119.24755506318668,26,0,2.501192475550632,1
60,1781.735357328371,18,3,1.6978173535732837,0
43,24542.532447017824,41,1,2.665425324470178,1
44,42725.97519824852,8,1,1.547259751982485,0
43,26.02838478331301,25,2,1.7002602838478331,0
67,10241.557115025404,3,3,1.3224155711502543,0
61,10.108851876055375,12,1,1.6201010885187603,0
42,3114.902305320889,46,2,2.551149023053209,1
51,49.20913934180077,21,2,1.700492091393418,0
61,330.0275227854991,60,1,3.543300275227855,1
30,15.313723984469348,30,1,1.7201531372398446,0
35,59.24874342667186,9,0,1.060592487434267,0
60,13039.534051485698,71,3,3.930395340514856,1
59,2364.964505981116,1,1,1.163649645059811,0
72,399.1604517855606,31,2,2.5239916045178554,1
35,3142.1847163049824,32,3,1.7714218471630498,0
42,1.3551594462261505,28,0,1.9600135515944623,0
33,67138.79212263967,69,4,3.7713879212263977,1
28,171.22156046456803,56,0,2.801712215604646,1
27,3046.153689594413,69,1,3.250461536895944,1
41,16966.964499607675,15,1,1.5096696449960767,0
30,12.87666634800401,47,2,2.32012876666348,0
27,118.31479620290018,41,3,1.9411831479620287,0
76,134263.0312435575,65,2,5.302630312435575,1
52,1160.6248738619151,33,0,2.37160624873862,0
47,51.82292833766931,13,1,1.3805182292833766,0
35,170.2562589840739,38,2,2.061702562589841,0
28,129.43838628024372,13,5,0.6812943838628026,0
23,4.909153992296334,31,2,1.540049091539923,0
51,4421.987132218048,34,1,2.3442198713221805,0
30,5085.380919353552,18,4,1.0508538091935355,0
52,6.087469810927373,22,0,1.9200608746981092,0
41,2836.83152775208,72,4,3.408368315277521,1
65,0.2425180206008816,62,0,3.7800024251802062,1
46,131.3430857506841,58,1,3.161313430857507,1
42,724.1475488481602,46,2,2.527241475488481,1
56,897.3474905497641,2,3,0.968973474905498,0
59,83.01012807591928,61,1,3.540830101280759,1
56,1515.670886600612,17,2,1.6551567088660064,0
46,1.2731718986086038,12,3,1.160012731718986,0
76,988.843647251284,51,1,3.489888436472513,1
53,3365.855206298092,47,3,2.7336585520629813,1
39,976.346244392506,52,0,2.869763462443925,1
47,133.62686152115188,11,2,1.2213362686152116,0
43,156.14155927179831,37,1,2.261561415592718,0
64,131.36021846562306,62,3,3.521313602184656,1
55,682.642427467956,33,2,2.2668264242746794,0
77,127.85229122529816,68,2,4.101278522912253,1
36,91.7999367224394,70,1,3.4409179993672243,1
47,1230.4672468053293,2,2,0.8723046724680533,0
65,99.18512980064196,25,0,2.3009918512980065,0
51,571.3456877241113,78,2,3.985713456877241,1
29,859.653417026572,54,2,2.5885965341702657,1
46,1679.9799693801328,16,1,1.4967997996938012,0
45,36.747531881842,13,2,1.2603674753188183,0
53,4.745175327690187,17,3,1.5000474517532771,0
54,1685.5203974355054,22,4,1.6568552039743552,0
44,19.247048232992597,20,2,1.52019247048233,0
29,1265.8351015985404,47,2,2.312658351015985,0
22,743.9490198672601,34,1,1.7274394901986727,0
52,1727.70838339235,22,2,1.7772770838339238,0
52,926.8837181651176,37,3,2.289268837181651,0
70,4523.975828840526,76,2,4.325239758288405,1
79,14.891299105768706,17,5,1.860148912991058,0
59,3377.6983887708984,55,3,3.173776983887709,1
35,711.7896035365236,38,3,1.9871178960353653,0
30,379.6451267664796,13,3,0.8837964512676648,0
52,28.532889214489643,23,5,1.560285328892145,0
24,358.312859625146,79,4,3.323583128596252,1
72,104962.76605483545,64,2,4.889627660548355,1
46,367.5583430575765,58,1,3.1636755834305754,1
70,1470.5556772159744,21,2,2.09470555677216,0
19,134.8617015950086,5,1,0.5013486170159501,0
24,4063.05307400424,51,0,2.5606305307400423,1
41,133.03445981908712,55,2,2.861330344598191,1
72,6348.629978738455,46,1,3.2634862997873846,1
52,2223.3277696393766,39,3,2.382233277696394,0
36,2196.523126829777,64,4,2.981965231268298,1
25,233.40670711830143,38,2,1.8623340670711832,0
34,5007.48573557096,46,1,2.49007485735571,1
46,95.62858519148476,49,2,2.7209562858519147,1
79,666.3123706330232,28,2,2.54666312370633,1
63,230.0649637483178,78,2,4.222300649637483,1
22,278.9280573552967,71,1,3.202789280573553,1
69,563.1724226612795,77,1,4.385631724226613,1
24,274.5999500466822,62,2,2.8027459995004667,1
49,171.2743278945622,45,0,2.7817127432789457,1
78,1243.1992601463987,2,3,1.412431992601464,0
65,1772.3114224674064,54,2,3.317723114224674,1
42,574.492064874429,58,1,3.085744920648744,1
51,481.27169325888434,57,0,3.304812716932589,1
62,609.1065922740153,59,2,3.44609106592274,1
63,3950.094646432272,21,3,1.8995009464643229,0
37,3242.539345847303,35,4,1.8524253934584731,0
73,68.4629929529112,45,1,3.1806846299295293,1
69,2083.2879627890297,32,5,2.2808328796278903,0
59,1367.336005034087,15,2,1.6336733600503408,0
45,136.1092195923604,50,1,2.821361092195924,1
48,25.579168236227463,30,1,2.080255791682362,0
73,1515.9532686698,1,2,1.355159532686698,0
45,1724.9189381006397,59,4,2.9572491893810064,1
59,1725.6337926850674,63,1,3.6372563379268503,1
50,60.34502093328061,1,2,0.8806034502093328,0
51,101.33052670310576,61,3,3.221013305267032,1
62,96.93619269389949,72,2,3.9609693619269386,1
49,117.96586479077214,2,4,0.7411796586479076,0
25,89.09413491704024,43,1,2.1408909413491704,0
38,544.111571308149,40,2,2.2054411157130813,0
45,55.510070344366405,9,3,1.0205551007034437,0
55,9362.000633895232,17,1,1.7936200063389522,0
57,367.3664287820523,46,0,2.9836736642878208,1
30,1227.1243619558636,21,1,1.3722712436195583,0
32,3151.414801719862,49,2,2.4715141480171985,0
60,213.41167610497465,18,2,1.7621341167610498,0
68,168.47047611059693,54,1,3.441684704761106,1
22,2412.13870358344,10,2,0.7041213870358344,0
32,459.184624563214,75,1,3.564591846245632,1
20,7591.682920744626,14,0,1.0359168292074463,0
47,12041.085517725958,26,4,1.7804108551772595,0
39,365.0858576334745,39,2,2.1836508585763346,0
67,11.09214328941568,65,0,3.940110921432894,1
29,156.17229300790504,41,0,2.2215617229300797,0
31,1762.8827852540226,26,3,1.4376288278525402,0
36,42.12463366985617,71,6,3.0804212463366984,1
52,544.761987184555,70,2,3.6854476198718458,1
25,7993.014678181546,5,0,0.7799301467818154,0
24,24.078621626729007,66,1,3.0402407862162675,1
69,11710.764052526572,22,3,2.137107640525266,0
63,22.82342125072732,16,1,1.8202282342125076,0
53,85.57887428289489,54,2,3.060855788742829,1
50,1067.9360028979036,15,3,1.3706793600289788,0
69,141.85456112793955,43,3,2.8614185456112797,1
25,1075.021810573779,12,3,0.7507502181057378,0
18,184.19218360271813,14,2,0.7618419218360272,0
21,4.077066794118765,58,3,2.5000407706679413,1
55,27.484129607684636,31,4,2.0202748412960774,0
71,2463.391808569842,53,4,3.244633918085699,1
75,438.42884171320526,28,2,2.464384288417132,0
23,287.1012496790238,15,1,0.9828710124967902,0
61,57.23407668898568,24,2,2.02057234076689,0
43,216840.3660315705,31,2,4.108403660315705,1
47,1524.2425837203295,66,2,3.4352424258372034,1
58,146.68885629902098,3,1,1.2014668885629902,0
49,9.99933318478844,71,2,3.660099993331848,1
64,6964.456179171899,19,0,2.109644561791719,0
54,4813.424089083875,76,2,4.008134240890839,1
57,260.5956515047756,22,4,1.702605956515048,0
47,4525.570255307581,76,1,3.945255702553076,1
30,420.3453380458428,25,1,1.5242034533804585,0
27,407.3666611565369,55,3,2.504073666611566,1
68,531.6657029282379,67,2,3.885316657029282,1
79,609.2558379961387,8,3,1.6660925583799615,0
52,34301.75146111352,3,1,1.4230175146111352,0
27,70.52892011460058,72,3,3.1807052892011463,1
39,84.49462697041905,47,1,2.5808449462697043,1
39,32.44575108631597,67,0,3.460324457510864,1
33,156.16320588279086,41,4,1.981561632058828,0
49,6.902369404470719,62,2,3.3000690236940446,1
52,7594.533772116802,27,3,1.9559453377211684,0
46,2962.757841559826,8,1,1.1896275784155983,0
55,83.80922865961566,75,3,3.860838092286597,1
22,13.419336432758628,61,3,2.640134193364328,1
39,113.85010967532511,56,7,2.461138501096753,0
30,3.37677821003538,11,2,0.8800337677821003,0
18,1499.557032443464,15,1,0.8949955703244347,0
64,56949.12372617912,56,6,3.6094912372617913,1
64,98958.3288141862,34,1,3.5495832881418625,1
70,56.84664222963772,1,0,1.4405684664222966,0
57,1222.2732859060818,31,2,2.2322227328590607,0
57,19659.935787993323,42,1,2.936599357879933,1
23,279.8551391490815,33,2,1.6227985513914909,0
33,7722.739965596432,73,0,3.657227399655964,1
32,2313.0818388696293,58,2,2.8231308183886963,1
50,41.66071331712085,20,1,1.7204166071331712,0
48,1719.310736529141,37,3,2.217193107365292,0
58,110509.65697872564,23,3,2.945096569787256,1
63,1043.396448531039,73,3,3.9504339644853097,1
58,1811.1960052221957,68,3,3.6581119600522216,1
31,5715.623788464456,63,3,2.9571562378846448,1
31,49.18252487615463,8,3,0.7004918252487615,0
78,296.56036498060587,41,2,3.0429656036498063,1
77,3.0781293037894706,10,1,1.860030781293038,0
55,3213.8926060769045,56,3,3.132138926060769,1
70,3.890508060555771,43,1,3.0400389050806056,1
55,748.3813671304741,3,1,1.1474838136713048,0
33,773.1894001683494,20,2,1.3077318940016835,0
54,564.1463309900133,20,4,1.5656414633099005,0
20,10.43850398257887,43,1,2.0401043850398257,0
21,51.15021380657775,40,3,1.7805115021380655,0
52,31936.879926732683,42,0,3.0393687992673266,1
48,87.9067255349765,31,0,2.2008790672553498,0
30,4.186021632007436,65,1,3.12004186021632,1
75,3506.8649374883967,77,3,4.375068649374883,1
20,881.8345009658839,38,2,1.7688183450096588,0
68,304.1190642041153,1,3,1.1630411906420413,0
75,532.0916616065177,66,1,4.0653209166160655,1
42,128.06934548285707,50,0,2.8412806934548285,1
72,2.6665629858187825,15,3,1.800026665629858,0
27,667.6138104244842,50,3,2.306676138104245,0
48,29.226756895960264,17,3,1.4002922675689595,0
63,888.9107729994223,35,0,2.6688891077299943,1
73,134.99947860873604,71,3,4.061349994786087,1
37,10.400364702737562,1,3,0.5401040036470274,0
72,222.62848281900847,26,1,2.40222628482819,0
36,9825.263233157462,52,4,2.578252632331575,1
53,14953.864047720272,76,3,4.009538640477203,1
66,279.68553032401246,30,1,2.44279685530324,0
34,84.43029804601734,47,0,2.56084430298046,1
24,10.682825320009366,16,1,1.0401068282532,0
59,1251.8803367579485,29,1,2.2725188033675794,0
73,349.8228629674861,9,2,1.6634982286296751,0
75,154.65780029995625,67,3,3.941546578002999,1
71,2186.575950528317,23,0,2.361865759505283,0
63,4.610169984561044,48,4,2.860046101699846,1
23,177.7591375504973,7,2,0.581777591375505,0
47,4530.878873475315,62,1,3.3853087887347533,1
25,476.4608556503091,59,3,2.624764608556503,1
68,56920.353608683006,42,4,3.28920353608683,1
59,7.969303418941896,43,2,2.740079693034189,1
63,110.37995772488604,47,4,2.821103799577249,1
45,23.40467203508015,31,1,2.0602340467203506,0
51,109.31492846030632,44,2,2.621093149284603,1
41,246.6478114247793,2,0,0.9024664781142478,0
18,6139.736509072691,59,0,2.7813973650907267,1
55,1256.8934584653716,78,2,4.072568934584654,1
76,83.66257716870129,51,2,3.400836625771687,1
78,521.4072104236009,38,4,2.765214072104236,1
33,287.8162805491912,66,4,2.982878162805492,1
59,707.1898480791391,15,2,1.6270718984807913,0
79,21.25347442739306,39,1,3.0602125347442737,1
56,19.00022676006951,25,1,2.0401900022676007,0
47,25774.438656847666,21,2,1.8777443865684769,0
25,71.1580366075817,62,3,2.7407115803660758,1
59,691.5040535402114,58,3,3.2669150405354017,1
24,0.3841387079436141,76,2,3.3600038413870794,1
73,251.2703082478881,21,4,1.982512703082479,0
69,534.8930022281415,11,2,1.6653489300222817,0
58,2093.3804520468207,19,2,1.780933804520468,0
21,325.3063487523938,5,7,0.0632530634875239,0
25,50.24895523110513,49,1,2.380502489552311,0
20,44.36261258348151,29,1,1.480443626125835,0
55,102.62977937552358,27,1,2.101026297793755,0
48,3429.22028326802,7,2,1.1142922028326805,0
47,28871.65930042515,8,2,1.3887165930042518,0
69,760.4578322209364,74,2,4.187604578322209,1
64,996.5085842900857,33,4,2.289965085842901,0
43,76.15467823258363,34,2,2.060761546782326,0
22,184.93064336116328,6,4,0.3618493064336116,0
46,1876.784937630543,38,2,2.298767849376305,0
69,4598.525298159979,37,0,2.9059852529816,1
39,15.34284971820024,2,3,0.620153428497182,0
30,339.72792914530777,52,3,2.443397279291453,0
45,270.3339646772588,15,3,1.2627033396467726,0
53,312.2690567706632,11,1,1.4231226905677066,0
47,3021.8493541194216,61,2,3.250218493541194,1
33,16.161316572540063,60,1,2.980161613165725,1
43,3.506242560718554,30,1,1.980035062425607,0
60,236.857253608248,55,3,3.1623685725360824,1
65,86.95061196631976,3,1,1.3408695061196632,0
71,4.152356609804283,53,3,3.3000415235660983,1
71,66.19213650001205,68,6,3.660661921365,1
32,235.2737250218716,61,0,3.0823527372502184,1
62,36.33467029004965,25,1,2.1603633467029004,0
43,109.17193812821222,47,2,2.5810917193812823,1
47,23.41532847562484,33,3,2.0202341532847568,0
71,325.27290557752667,10,1,1.743252729055775,0
45,102.42272165691313,20,4,1.3810242272165691,0
52,2.020658157720444,52,1,3.0400202065815773,1
62,11581.291777142042,42,0,3.0358129177714206,1
79,29799.940985341746,11,3,2.077999409853417,0
61,177.66666056429034,66,3,3.6217766666056432,1
40,4536.317928624987,5,2,0.8853631792862499,0
78,328.4345250242977,78,2,4.523284345250243,1
71,71.14006061913831,67,1,4.020711400606191,1
50,152.08127825584194,73,2,3.761520812782558,1
28,13232.43301050804,46,0,2.5323243301050806,1
18,36.982173377603694,68,3,2.840369821733776,1
27,50.96827758604673,73,1,3.3805096827758603,1
36,60.49906006721032,42,0,2.400604990600672,0
73,17.65140136353846,67,2,3.9801765140136354,1
46,461.7676252133295,24,3,1.6446176762521334,0
72,72077.49294477247,51,4,3.880774929447725,1
35,26.27938631117971,78,2,3.660262793863112,1
32,51.71229982022668,71,3,3.2405171229982024,1
58,61.99570857102817,28,1,2.2006199570857103,0
64,185.72160702653176,15,3,1.6418572160702654,0
55,6159.130727244017,59,4,3.2015913072724405,1
66,15194.40001939269,79,2,4.471944000193927,1
43,37.41340050021299,47,0,2.7403741340050023,1
27,5.984345817361932,7,4,0.5000598434581738,0
47,448.8954022185944,37,1,2.344488954022186,0
76,3443.413891617091,7,1,1.7544341389161708,0
55,32.32168393007171,67,2,3.620323216839301,1
45,85.7871066700982,15,2,1.340857871066701,0
47,105.27059294594956,10,1,1.2610527059294596,0
24,540.4718301153474,19,1,1.165404718301153,0
35,559.2807128967971,40,3,2.065592807128968,0
44,1575.9393639332195,37,4,2.0557593936393324,0
25,11372.77319992026,32,4,1.573727731999203,0
56,1409.8342273747096,45,1,2.854098342273747,1
74,21846.6975826685,41,4,3.0184669758266853,1
73,274.0718781854658,55,2,3.5027407187818547,1
58,53.63507552325631,44,2,2.760536350755232,1
42,233.21676640028335,60,2,3.0823321676640028,1
68,5.5640522565214185,23,2,2.120055640522565,0
65,548.700395095272,20,4,1.7854870039509525,0
48,8772.039958074593,31,2,2.127720399580745,0
71,386.31489398353614,73,3,4.103863148939835,1
24,31.06191841876121,52,0,2.560310619184188,1
30,1605.056203183438,63,2,2.9760505620318343,1
60,62.25700821489946,25,4,1.8806225700821488,0
73,419.3924576986095,10,1,1.7841939245769862,0
77,1485.358946271019,46,5,2.99485358946271,1
25,243.3738372045901,50,1,2.422433738372046,0
31,139175.58412270612,61,2,4.2917558412270616,1
19,496.0472881142744,22,1,1.1849604728811427,0
70,186.6226976275665,53,3,3.281866226976276,1
30,1649.3281523839817,57,0,2.89649328152384,1
35,253.8738305714845,77,2,3.622538738305715,1
25,10.7658472025546,20,1,1.2201076584720254,0
70,3038.5866918572106,40,1,2.9503858669185723,1
69,538.363228855921,26,1,2.3453836322885597,0
78,21.2354445723623,48,2,3.320212354445723,1
59,45.017825730090486,79,2,4.180450178257301,1
42,61.4366302880815,56,2,2.920614366302881,1
32,1599.8687574254511,35,4,1.7359986875742546,0
24,131.60024673823182,41,0,2.1213160024673825,0
27,389.5130030720268,39,0,2.1038951300307205,0
42,0.8804563064036388,40,0,2.440008804563064,0
34,240.29757540610763,50,0,2.6824029757540613,1
26,1482.7625592607435,33,2,1.6948276255926076,0
69,329.53561460455774,15,3,1.7432953561460456,0
65,965.0455358326692,51,3,3.1096504553583264,1
62,522.9064672165377,28,0,2.3652290646721656,0
69,4133.02040508258,45,5,2.821330204050826,1
59,550.7067791911297,76,2,4.065507067791911,1
20,183744.91349182947,44,1,3.917449134918295,1
35,21364.01420592713,72,2,3.633640142059271,1
21,4009.985193273199,50,3,2.220099851932732,0
29,1765.709829243726,47,1,2.397657098292437,0
49,43.94335910743822,22,2,1.7004394335910744,0
43,37.47931956918357,75,5,3.460374793195692,1
45,89.63952918567523,25,1,1.8208963952918569,0
48,31127.1987384488,43,5,2.5912719873844883,1
22,1.8426117382330625,12,1,0.8400184261173823,0
28,1635.1393858082954,9,1,0.856351393858083,0
48,5114.678184045631,74,2,3.811146781840456,1
18,108.73012523605442,79,2,3.3610873012523603,1
28,43.746838806957946,12,2,0.8804374683880695,0
57,16456.373019320654,6,2,1.3845637301932068,0
25,12597.715527295746,20,3,1.1859771552729577,0
74,741.0380026464497,74,1,4.367410380026464,1
54,313.3750144223224,67,2,3.6031337501442233,1
77,983.2583462714975,6,2,1.629832583462715,0
24,192.3227315673066,11,2,0.761923227315673,0
47,5140.485181651013,66,3,3.3914048518165103,1
58,135.0240246911561,40,0,2.7613502402469114,1
60,11484.875518934894,2,2,1.234848755189349,0
39,785.4116939177552,44,2,2.3878541169391774,0
20,201.4071828775189,51,0,2.4420140718287757,0
66,513.7313541146016,21,1,2.085137313541146,0
50,140.88171361193295,53,2,2.9614088171361197,1
76,126.27558439236276,41,3,2.921262755843924,1
29,2627.6720061324245,56,2,2.686276720061324,1
45,57.928993594801526,54,2,2.900579289935948,1
33,551.490493759198,13,3,0.945514904937592,0
77,558.3575071683119,13,2,1.905583575071683,0
36,97010.85082465188,24,2,2.490108508246519,1
53,65.14176103075694,25,1,1.980651417610308,0
69,1418.2532013297266,10,1,1.7141825320132975,0
70,418.421777967709,24,4,2.0441842177796774,0
50,208.29072912661607,9,2,1.2020829072912662,0
38,154.25324772255345,64,0,3.321542532477226,1
18,37.50486141010561,72,2,3.080375048614101,1
45,41.472941567520806,66,3,3.300414729415676,1
26,35.001014989204215,54,0,2.6803500101498923,1
55,13187.61503367698,8,3,1.31187615033677,0
49,16321.157480921214,7,1,1.3432115748092122,0
58,332.2242970339259,4,1,1.243322242970339,0
71,983.8609738529052,72,0,4.309838609738529,1
79,16.772497325662986,2,2,1.5001677249732568,0
79,4192.247260375914,71,1,4.381922472603759,1
36,1313.3990407904614,25,4,1.4131339904079043,0
76,14.038916433419118,44,4,2.960140389164334,1
52,128.9665789005955,72,1,3.841289665789006,1
22,61.124699180586816,42,6,1.640611246991806,0
73,13.724382112887753,74,0,4.420137243821129,1
72,5008.987963175191,25,3,2.2500898796317514,0
28,8911.851208889051,68,1,3.2891185120888906,1
20,22.229611654367417,51,1,2.3602222961165435,0
62,308.4491429170968,2,1,1.243084491429171,0
27,249.4687734570803,31,0,1.7824946877345709,0
72,5954.900357569149,10,3,1.6595490035756917,0
75,25.21941616477543,42,1,3.100252194161648,1
69,359.3932896878295,71,4,3.9035939328968783,1
74,1457.377939401812,18,2,2.054573779394018,0
48,413.7840561537203,10,3,1.1241378405615372,0
52,63.27842751655153,44,1,2.7206327842751654,1
65,693.9950795921364,63,1,3.746939950795921,1
30,3190.154599630121,35,2,1.871901545996301,0
66,30463.880855855838,48,2,3.384638808558558,1
72,1765.569354423616,41,2,2.937655693544236,1
32,22.99613461211673,28,1,1.6802299613461211,0
54,27.39444567554398,59,1,3.3602739444567558,1
18,83.21613873266155,76,1,3.3208321613873264,1
39,4182.749657803408,70,1,3.5418274965780343,1
44,74482.31888590494,42,0,3.304823188859049,1
21,193.87407126091352,77,5,3.101938740712609,1
61,25087.616167914275,12,5,1.5508761616791429,0
46,256.6186263753938,6,0,1.162566186263754,0
38,8389.858589357817,5,4,0.723898585893578,0
36,696.3086488620136,31,5,1.56696308648862,0
73,2186.6077371525207,60,2,3.7218660773715246,1
78,76.77806531860105,48,1,3.4007677806531857,1
47,540.4083945922033,38,0,2.465404083945922,0
74,1328.4322782965871,62,3,3.733284322782966,1
57,36.43691640092701,25,3,1.9003643691640093,0
63,15165.476203376526,61,2,3.691654762033765,1
37,10.943472343031932,9,3,0.8601094347234304,0
55,27.00039680839852,56,0,3.3402700039680844,1
61,423.8424333846978,65,2,3.664238424333847,1
32,50.20489675037626,59,3,2.760502048967504,1
53,1093.3525186742745,67,2,3.5909335251867427,1
55,73.2649138531827,71,2,3.780732649138532,1
71,320.9914562696457,9,1,1.7032099145626964,0
44,2557.279394627648,20,3,1.4655727939462764,0
28,585.4406980064211,6,3,0.5658544069800643,0
58,30359.93695373593,33,2,2.6235993695373594,1
60,314.71000622478755,18,5,1.5231471000622476,0
32,6600.146231727426,68,0,3.4260014623172745,1
78,154974.86151991342,8,0,3.4297486151991343,1
29,995.796637874366,25,3,1.3499579663787438,0
31,38.91631012375934,5,2,0.6603891631012376,0
29,47371.64921873616,37,4,2.2137164921873618,0
77,3014.870175005999,24,2,2.37014870175006,0
33,2556.863431347173,77,1,3.685568634313472,1
26,107.33535924664166,66,1,3.0810733535924664,1
49,228.09181966267028,16,1,1.5422809181966266,0
41,12.094541968976175,77,1,3.82012094541969,1
23,2511.478901267779,67,1,3.0851147890126778,1
76,6960.442587140302,62,2,3.909604425871403,1
18,155.67946156303887,50,0,2.3615567946156304,0
35,411.2561955691859,54,1,2.784112561955692,1
49,15.649039151967235,21,1,1.7401564903915197,0
65,7016.617255058705,33,4,2.370166172550588,0
74,3067.4058977105224,13,6,1.5506740589771053,0
77,871.8698827612214,31,3,2.548718698827612,1
27,1036.7387838370444,69,0,3.3103673878383706,1
22,54.560961276966886,2,2,0.3605456096127696,0
64,23.49656381406597,76,0,4.320234965638141,1
25,3313.732093699673,15,2,0.9731373209369966,0
73,0.5395529153422406,71,2,4.140005395529153,1
50,491.771922814631,23,1,1.844917719228146,0
45,9.436258620055662,78,2,3.8600943625862,1
29,11703.622140418878,67,1,3.2970362214041886,1
28,2399.340445210013,61,0,3.0239934044521,1
69,8475.823198748716,37,2,2.784758231987487,1
67,8.32144618041032,19,2,1.9400832144618043,0
65,20885.390317592533,12,2,1.8288539031759252,0
48,134.1225827469031,12,4,1.1213412258274689,0
58,13.341892945742414,12,3,1.4001334189294574,0
41,11799.509747335544,27,1,1.9379950974733555,0
62,4616.967256210536,61,1,3.646169672562105,1
70,962.3165432796612,54,1,3.4896231654327967,1
49,17.491354836046543,38,0,2.5001749135483604,1
76,950.6269427372,47,1,3.3295062694273723,1
48,7550.418396502867,68,3,3.515504183965029,1
56,578.2416219165718,21,4,1.6457824162191657,0
61,709.9827869798273,50,1,3.1470998278697984,1
45,20770.87526897544,22,3,1.7477087526897546,0
42,14.061200829792202,42,1,2.440140612008298,0
65,80.70607600337775,68,2,3.8608070607600338,1
43,2117.8388780357136,38,1,2.321178388780357,0
29,69.76291985004474,62,6,2.5806976291985007,1
65,11386.295767847929,18,3,1.8938629576784796,0
71,560.7444790950836,53,0,3.545607444790951,1
72,126.43064615225124,65,1,3.9612643064615223,1
41,2.2870791373102444,33,2,1.9800228707913732,0
26,82.28310713556994,15,1,1.0408228310713556,0
58,21.890278348340534,10,1,1.4802189027834831,0
45,1025.7570365359115,5,5,0.7102575703653592,0
63,10.081196677212564,29,4,2.100100811966772,0
41,574.1580219531351,1,2,0.7057415802195314,0
42,8588.211262107587,76,1,3.885882112621076,1
32,744.9003217432953,36,1,2.007449003217433,0
62,523.5710826223782,47,1,3.045235710826224,1
31,5762.119342100904,10,1,0.9976211934210092,0
73,475.7997900819879,34,3,2.5847579979008195,1
25,1398.5729081198392,34,2,1.7139857290811986,0
39,1575.7918102198762,20,5,1.195757918102199,0
41,165.2655426744007,38,1,2.261652655426744,0
42,225.22617542039143,72,2,3.562252261754204,1
46,39.96566462195511,60,3,3.080399656646219,1
32,36481.77919502667,49,3,2.724817791950267,1
43,124.87241778603014,7,2,0.9812487241778604,0
72,20.185702340528863,59,1,3.720201857023405,1
78,4.458523209972986,25,1,2.4800445852321,0
56,1.5230360645943488,44,1,2.8000152303606463,1
41,1311.4347272989833,51,2,2.71311434727299,1
29,268.9088225158676,2,0,0.6626890882251586,0
41,5413.711856360372,36,1,2.234137118563604,0
59,62.70155884258772,69,3,3.7006270155884256,1
69,191.02277147474908,3,1,1.4219102277147475,0
22,5.917581813791914,36,1,1.800059175818138,0
30,3.9823031383917424,36,2,1.880039823031384,0
47,33.557027879415294,10,5,0.9403355702787942,0
74,57.72086085070844,15,0,2.0805772086085077,0
47,33.22317063488539,34,1,2.220332231706349,0
46,178.7526845216339,25,3,1.6817875268452165,0
35,108.82845374256158,54,3,2.621088284537426,1
33,264.2661056944439,60,1,2.9826426610569445,1
60,6494.667522886304,17,2,1.784946675228863,0
52,38.85618753248753,78,0,4.160388561875325,1
41,55.40867519269857,15,2,1.2605540867519271,0
70,7311.03537478624,33,2,2.6331103537478624,1
68,8740.1251361087,71,1,4.207401251361088,1
69,104.77898806267356,30,2,2.4210477898806264,0
56,83.72155050207026,10,1,1.4408372155050206,0
53,1933.8812327227129,66,1,3.6393388123272272,1
29,795.0578313566207,21,3,1.187950578313566,0
79,33.15449463775553,37,2,2.9003315449463773,1
44,1476.8208441501322,22,1,1.6947682084415012,0
74,1431.4456144382186,45,5,2.8943144561443823,1
76,670.110888292512,67,0,4.206701108882926,1
26,1335.719298645339,59,2,2.7333571929864533,1
72,6915.312389002973,12,1,1.9091531238900297,0
77,1722.25648385782,64,2,3.9572225648385775,1
55,77.43117468849594,35,2,2.340774311746885,0
78,7316.099350092762,42,3,3.0731609935009274,1
38,202.8159975693848,48,2,2.5220281599756937,1
50,32.916903241161506,78,1,4.040329169032412,1
23,288.592045501432,50,2,2.3028859204550143,0
66,175.41878500490176,21,3,1.921754187850049,0
48,159593.99630394366,41,4,3.875939963039437,1
47,247.10592159926705,13,3,1.2224710592159929,0
46,4320.155480687498,14,1,1.443201554806875,0
41,1142.072688016546,61,1,3.1914207268801653,1
56,9563.92480954999,2,4,0.9756392480955,0
22,118.42294108960697,61,2,2.721184229410896,1
79,465.3247164447292,78,1,4.624653247164448,1
22,514.4191576216591,70,1,3.165144191576217,1
45,10.834771693275224,15,0,1.5001083477169328,0
34,48.724036361196006,13,4,0.8804872403636119,0
69,1362.8326070514547,32,3,2.4336283260705143,0
21,24.362223940833115,33,3,1.5002436222394084,0
53,10842.603761580982,49,1,3.0484260376158097,1
42,12140.14985479288,3,2,0.9214014985479289,0
68,50.7511432873772,20,3,1.9205075114328736,0
75,2178.1672182654875,39,2,2.9217816721826546,1
31,13021.244085997823,50,3,2.510212440859978,1
29,64.79850907325599,14,4,0.8206479850907324,0
61,1190.468581996149,62,1,3.631904685819961,1
64,823.63446311168,16,0,1.928236344631117,0
36,129.17849752837557,67,0,3.401291784975284,1
24,668.4058185378564,75,1,3.4066840581853786,1
66,59.72681853915794,51,1,3.2805972681853914,1
28,49.26000256559153,55,3,2.520492600025656,1
66,28392.86283658792,9,2,1.803928628365879,0
23,10.208014072837496,58,2,2.620102080140728,1
45,2329.865931391351,10,3,1.0832986593139136,0
51,506.8641688139995,15,2,1.4650686416881402,0
50,2.3177745790850834,6,5,0.8400231777457908,0
31,432.0300680581545,48,3,2.304320300680581,0
37,169.6716697059717,21,5,1.1816967166970596,0
56,352.30522931651655,20,5,1.523523052293165,0
34,973.9457203289852,15,0,1.28973945720329,0
23,531.1145580550882,79,4,3.3053111455805517,1
53,3111.233566855441,19,2,1.6911123356685545,0
67,635.1053702649597,33,1,2.58635105370265,1
41,38.69488133171488,64,0,3.3803869488133174,1
28,859.4914800271383,73,1,3.4085949148002714,1
50,14153.649897001538,19,3,1.6615364989700154,0
69,2.131500165967045,67,1,3.98002131500166,1
53,147.42201135168688,68,1,3.701474220113517,1
54,106835.37536918127,28,2,3.108353753691813,1
23,71535.11152048323,8,6,1.0153511152048325,0
23,5.817127786812022,64,1,2.940058171277868,1
45,20.12825473030289,74,3,3.620201282547303,1
41,4481.250579843005,11,0,1.30481250579843,0
67,99.92323801870974,40,3,2.7009992323801875,1
53,33.92770710438982,74,1,3.940339277071044,1
46,96.5955141811742,44,1,2.600965955141812,1
55,10541.161910072466,56,5,3.045411619100725,1
79,60.903931607376194,29,0,2.740609039316074,1
64,18.766863768927188,70,0,4.08018766863769,1
53,292.6822443054608,43,0,2.782926822443055,1
24,279.1312810738335,67,1,3.0827913128107385,1
51,23.21922310779841,23,4,1.620232192231078,0
22,53.17157556558731,42,2,1.960531715755656,0
36,245.57054732749603,11,3,0.9224557054732748,0
61,3.13538117041281,57,3,3.260031353811704,1
52,17226.774801885964,24,2,2.01226774801886,0
35,12683.420795283082,8,1,1.0668342079528308,0
23,5600.834398006831,2,1,0.5160083439800683,0
25,23223.259412638738,2,6,0.3322325941263874,0
33,46.72412529902199,32,0,1.9404672412529904,0
42,13352.082788007225,76,4,3.693520827880072,1
47,1772.2810212565914,6,1,1.117722810212566,0
67,1488.5803978203528,27,0,2.4348858039782035,0
52,19.966794571002712,77,0,4.120199667945711,1
54,391.2909699888333,25,4,1.7639129096998885,0
41,22.26774283835051,27,1,1.820222677428384,0
46,67089.65702448308,44,2,3.1908965702448304,1
35,5167.101684100404,62,5,2.831671016841004,1
56,6.261163431546302,51,3,2.920062611634316,1
51,53.8426157469199,2,3,0.8605384261574693,0
46,94.18286414671482,20,3,1.4809418286414673,0
30,1958.1152890288413,47,2,2.3395811528902883,0
73,57.53960861290891,37,1,2.860575396086129,1
43,146.33853359360026,62,4,3.0214633853359363,1
28,1880.977232727012,76,1,3.5388097723272702,1
34,57.82996242346417,6,1,0.8405782996242347,0
51,1079.156189897816,16,1,1.5907915618989783,0
35,1500.874150299253,38,0,2.235008741502993,0
42,86.02181924658152,8,0,1.160860218192466,0
69,797.9354255590042,47,2,3.1079793542555905,1
18,223.1949116470068,33,4,1.36223194911647,0
46,16675.42325794779,2,2,1.006754232579478,0
31,1063.0338362691073,6,5,0.4706303383626911,0
27,191.0330195312996,77,4,3.301910330195313,1
44,2181.436301952778,56,2,2.981814363019528,1
71,1375.3239211841017,32,4,2.393753239211841,0
65,49.36836267096066,60,1,3.6204936836267096,1
29,1129.3236578097396,5,2,0.6312932365780973,0
40,18.936417127112804,7,1,1.0001893641712711,0
31,28544.52785971394,1,4,0.6254452785971394,0
73,48.52337251341789,18,3,1.9404852337251344,0
51,15.408116391430848,72,0,3.9001540811639135,1
23,184.28597569108803,65,4,2.741842859756911,1
63,9626.426449033605,59,3,3.476264264490336,1
49,2216.2330642605293,14,3,1.3221623306426054,0
64,7952.992237381743,78,4,4.159529922373817,1
69,1.0642100631036056,12,2,1.7000106421006311,0
26,11486.61992673092,26,3,1.4348661992673093,0
18,88.97052646495264,49,2,2.1608897052646494,0
45,11.105658486122064,23,2,1.6601110565848614,0
26,665.2987439631788,78,1,3.566652987439632,1
21,87.53977625344073,31,4,1.3408753977625345,0
48,938.3468580295262,34,3,2.0893834685802952,0
56,1.1702110785600532,67,0,3.800011702110786,1
60,658.2673604586269,62,4,3.366582673604586,1
41,86.2658744106162,12,4,0.9808626587441064,0
19,6719.76512018558,1,2,0.3271976512018558,0
66,90.05405481317631,51,3,3.120900540548132,1
28,138.70494794245485,13,4,0.7613870494794246,0
76,735.7821895166272,31,4,2.4473578218951664,0
34,9.848064874939933,76,1,3.640098480648749,1
57,138.0985505487354,53,6,2.781380985505488,1
40,42.94728245745065,79,1,3.8804294728245754,1
48,0.4743048972996731,32,1,2.160004743048973,0
56,158.68828309786429,33,3,2.201586882830979,0
24,7.121108755473682,76,1,3.440071211087554,1
37,374.1882588275312,11,1,1.1037418825882752,0
21,9763.201348813813,66,5,2.7576320134881382,1
42,436.5759056956738,27,2,1.7643657590569568,0
66,264.71988322468314,61,1,3.682647198832247,1
66,461.9090379970194,52,0,3.4046190903799705,1
61,27.170440624903318,79,1,4.300271704406249,1
18,66.86556396704012,68,2,2.9206686556396706,1
49,21344.91157336904,75,2,4.03344911573369,1
65,24.438579343357716,74,1,4.180244385793434,1
79,117.61790398355768,55,2,3.621176179039836,1
79,478.0954719161168,25,3,2.3447809547191607,0
49,1378.4068504241534,68,4,3.393784068504242,1
68,411.6419088717289,41,1,2.924116419088717,1
47,1121.9449198289185,72,3,3.591219449198289,1
62,610.0824266426764,11,5,1.2861008242664265,0
20,31.031599821818585,60,0,2.8003103159982183,1
69,398.0344979493545,3,3,1.2639803449794935,0
69,1074.105501535967,58,0,3.71074105501536,1
54,26.213240878908405,62,1,3.480262132408789,1
40,328.2614249049174,1,2,0.6832826142490492,0
79,4737.160278229975,59,0,3.9873716027823,1
61,2270.2624850769507,52,1,3.2427026248507698,1
27,5161.60741434661,39,3,1.9116160741434665,0
38,587.0363864658601,29,1,1.8458703638646583,0
68,407.3441262054373,7,2,1.4840734412620546,0
60,554.5250143312202,15,1,1.7255452501433122,0
73,4270.634331801216,42,2,3.022706343318012,1
62,6347.738834347226,45,3,2.8634773883434725,1
67,112.57480749989811,71,3,3.941125748074999,1
56,329.7761867829146,57,4,3.0832977618678297,1
48,2305.704747459784,48,2,2.743057047474597,1
74,21592.155634105813,55,1,3.815921556341058,1
40,1921.971323614806,4,1,0.8992197132361481,0
78,5898.967334021671,36,2,2.8989896733402167,1
38,1372.5626745152936,41,2,2.253725626745153,0
31,219.02072847896787,48,2,2.3821902072847894,0
55,125.99146097729192,6,4,1.021259914609773,0
65,19.53650821987034,17,2,1.820195365082199,0
62,222.63244077453103,42,2,2.762226324407745,1
51,7197.717928221548,9,0,1.4519771792822156,0
60,283.8997836489789,34,0,2.56283899783649,1
52,26.13088795299736,35,4,2.1202613088795306,0
25,197.4270720638028,79,2,3.501974270720638,1
39,24.988379576806665,1,5,0.4202498837957681,0
41,9961.970610162189,44,0,2.679619706101622,1
63,87.20175957866944,19,3,1.7808720175957868,0
74,1598.654770069891,68,4,3.895986547700699,1
78,320.58009702239883,15,2,2.003205800970224,0
49,3574.84507043068,9,2,1.215748450704307,0
38,291.55487067668247,13,3,1.0429155487067667,0
35,1260.9679947669874,67,2,3.23260967994767,1
74,10.269504708134432,64,2,3.880102695047081,1
55,11671.112184808975,43,3,2.696711121848089,1
23,1555.9862741869504,22,0,1.3555598627418697,0
67,216.1661011830024,76,1,4.30216166101183,1
45,53.06887255900168,75,1,3.82053068872559,1
22,859.7736072582844,6,1,0.6085977360725828,0
67,3326.784512644903,43,2,2.9332678451264487,1
74,105.25165397311892,50,0,3.481052516539731,1
31,3113.2208302958857,21,3,1.2511322083029588,0
38,432.7419370004061,53,5,2.4843274193700045,1
68,407.15650747049455,27,1,2.3640715650747053,0
43,159.89411976662495,39,2,2.2615989411976662,0
59,63.512944741312616,69,1,3.860635129447413,1
55,223.7334501570278,70,6,3.422237334501571,1
66,15495.266789673977,65,2,3.91495266789674,1
33,195.42659201805736,9,1,0.9419542659201806,0
40,722.6591997562434,64,4,3.0472265919975627,1
22,56.6303211414343,53,1,2.4805663032114142,0
51,449.0558224466222,57,2,3.1444905582244664,1
39,1881.3922276869896,21,1,1.5588139222768698,0
37,80.55073667448289,67,0,3.4208055073667447,1
20,12.371153847589952,16,3,0.8001237115384761,0
63,960.3029902927918,4,3,1.189603029902928,0
45,1.3349008913099734,57,1,3.100013349008913,1
43,371293.9280239438,17,1,5.172939280239438,1
24,7908.404707235558,3,1,0.5990840470723556,0
75,2176.8602074782066,54,0,3.681768602074782,1
36,60916.67268312213,45,4,2.8091667268312217,1
38,57524.083617518605,57,4,3.2952408361751866,1
25,886.5592779707298,37,2,1.8288655927797075,0
33,40.17327164920251,74,4,3.3004017327164923,1
37,14028.81143951697,1,2,0.7602881143951697,0
62,30107.796817239843,1,1,1.5010779681723985,0
46,58.79772753085408,25,2,1.7605879772753086,0
68,11192.17972955129,73,1,4.311921797295513,1
71,60.13241945445016,22,1,2.2206013241945444,0
67,33502.06926102006,13,3,1.9550206926102007,0
25,1025.530050164057,58,2,2.6702553005016405,1
76,1.6343955054910704,44,3,3.040016343955055,1
41,1268.1337001126565,7,1,1.0326813370011267,0
73,847.8666447365247,52,1,3.468478666447365,1
63,71.72670712866336,51,1,3.2207172670712865,1
31,15153.387402496226,45,2,2.411533874024962,0
57,4422.075915205241,33,4,2.1842207591520526,0
67,425.6057782301957,58,2,3.504256057782301,1
63,55030.4699177016,11,1,2.170304699177016,0
57,5824.002715503413,13,0,1.7182400271550342,0
58,419.08469470727937,73,1,4.004190846947073,1
18,1081.2595309249334,78,4,3.1708125953092496,1
41,2.4031700053792195,31,1,1.980024031700054,0
77,37.73375367063419,34,2,2.740377337536706,1
73,826.2591179102006,24,4,2.1082625911791024,0
19,240.3233340850324,60,1,2.70240323334085,1
34,62.66728815759371,42,3,2.120626672881576,0
78,29.911136742393733,45,2,3.200299111367424,1
27,895.6624822097597,75,0,3.5489566248220976,1
44,139.56381993616267,29,1,1.9613956381993611,0
35,135.80813458929092,72,2,3.421358081345893,1
49,35.676816461295175,52,2,2.9003567681646127,1
46,408.5814159703836,41,0,2.564085814159704,1
28,245.62829365405148,48,4,2.162456282936541,0
43,8.447013152720082,77,2,3.780084470131527,1
56,3747.122529946133,2,1,1.1574712252994614,0
56,183.7525923235656,21,0,1.961837525923236,0
53,93.46807082756904,5,3,1.0209346807082758,0
68,12.843514327587746,25,3,2.1201284351432763,0
29,5175.9751466046855,17,1,1.2317597514660468,0
60,17.688670494401183,18,2,1.760176886704944,0
53,503.8417828569522,69,1,3.74503841782857,1
33,47.54079988296459,58,1,2.900475407998829,1
75,857.1429565707963,42,1,3.108571429565708,1
20,85.98950207609712,11,2,0.6808598950207609,0
72,1515.1692611347664,4,1,1.5351516926113475,0
27,99.9187258937326,59,3,2.6609991872589376,1
73,27.626485722252102,55,0,3.660276264857223,1
66,121652.14502765524,61,1,4.896521450276552,1
29,27.348352802577857,18,2,1.140273483528026,0
41,190.3110778923268,19,1,1.5019031107789234,0
48,154.24579855192218,15,2,1.4015424579855191,0
55,177.1667334092863,73,0,4.021771667334093,1
55,205022.93001468372,20,3,3.710229300146837,1
24,389.4155964230516,25,2,1.3238941559642303,0
34,111.0369292248942,28,1,1.7211103692922491,0
51,2227.684566024325,13,1,1.482276845660243,0
48,37.46975777835694,34,1,2.240374697577784,0
50,3281.70205920119,40,1,2.552817020592012,1
54,6583.212600156777,9,0,1.5058321260015677,0
39,196.7380257291359,16,1,1.3419673802572911,0
23,223.65641600493612,17,5,0.7422365641600494,0
61,73.58789090264969,50,0,3.220735878909027,1
47,4738.837691934614,58,2,3.147388376919346,1
53,245.42979175423997,48,2,2.822454297917542,1
20,309.44443696118503,53,1,2.443094444369612,0
60,325.0395246466522,24,3,1.9232503952464663,0
19,271.81762509047184,62,3,2.6227181762509044,1
30,29.955294400088828,70,2,3.240299552944001,1
46,15.953569366644713,44,1,2.6001595356936664,1
22,34.452193571808785,65,3,2.8003445219357186,1
22,129.9771374698362,78,3,3.321299771374698,1
30,411.7651435689157,76,1,3.564117651435689,1
35,4891.792397663862,43,4,2.1489179239766387,0
46,450.2745228965623,32,3,1.9645027452289656,0
53,7995.241521325654,69,5,3.4999524152132566,1
27,17185.956413917906,78,3,3.5918595641391797,1
20,28.66338151089321,31,0,1.640286633815109,0
68,167.08725981274338,55,2,3.4016708725981277,1
54,138.15397462191456,38,1,2.521381539746219,1
43,1.91624111669416,3,1,0.900019162411167,0
71,4.137579025836224,62,0,3.9000413757902574,1
42,679.0659572277183,56,0,3.0867906595722774,1
35,34.108288930353844,71,3,3.300341082889304,1
20,16566.083292711508,19,5,0.9256608329271152,0
31,29.755117614829125,55,0,2.8202975511761483,1
76,115646.88925499048,33,1,3.916468892549905,1
76,58.86907340830692,4,1,1.600588690734083,0
63,66578.72346267459,18,0,2.645787234626746,1
52,48.756183862879126,54,3,2.9604875618386286,1
37,389.2952097351459,29,2,1.7438929520973514,0
53,14136.535744356688,21,2,1.8813653574435671,0
41,7047.626212300445,11,4,1.0104762621230046,0
19,1635.731359897137,23,2,1.1563573135989715,0
77,548.1174242838841,36,0,2.985481174242839,1
43,59.231304802012566,4,2,0.8605923130480201,0
36,52.85117250880938,8,3,0.800528511725088,0
51,9215.967189077975,47,3,2.75215967189078,1
33,20.312001886657576,65,4,2.9402031200188667,1
46,2744.100383263753,53,2,2.9074410038326377,1
60,39765.036765774574,68,1,4.237650367657746,1
33,11000.188003768591,52,3,2.610001880037686,1
41,3565.6584588403034,13,1,1.2956565845884032,0
27,178.40371390330847,25,5,1.141784037139033,0
47,32.48420765964679,30,2,1.9803248420765969,0
34,69.52568601356958,71,3,3.2806952568601355,1
51,4668.857323731165,15,1,1.5866885732373115,0
34,2628.377633103014,51,4,2.4262837763310303,0
32,196.9927957887744,24,3,1.3619699279578878,0
48,421.04665611062455,58,4,2.964210466561106,1
34,36.61797998511142,15,1,1.200366179799851,0
23,373.3347980911274,53,1,2.503733347980911,1
24,191.7766679920848,67,2,3.001917766679921,1
21,18248.12095801839,15,2,1.042481209580184,0
44,258.8446933103522,10,2,1.1225884469331036,0
54,2674.393926204029,13,3,1.3867439392620404,0
37,218.8694264464164,70,3,3.3021886942644647,1
65,150062.46467296028,47,0,4.680624646729603,1
29,31475.720446438816,11,4,1.014757204464388,0
22,520.5690155736584,44,0,2.2052056901557364,0
45,1326.2436753204313,4,1,0.9932624367532042,0
28,278.75796531843014,1,3,0.3627875796531844,0
20,88.76215615105542,76,1,3.3608876215615107,1
41,109.00794357056984,11,4,0.9410900794357058,0
19,20269.348918776657,65,2,3.0226934891877666,1
20,201.6427266654792,74,1,3.2820164272666545,1
42,235.0290877412621,51,4,2.5623502908774127,1
50,590.5586798464722,7,2,1.1259055867984649,0
50,28.50702152759734,40,1,2.520285070215276,1
59,623.3876351333788,3,3,1.066233876351334,0
76,19.46248713788947,40,0,3.120194624871379,1
73,5330.534279789978,27,5,2.1933053427979,0
29,23.58587249388064,48,2,2.3402358587249386,0
68,89657.26783940793,40,2,3.6965726783940793,1
46,191.07872842106528,65,1,3.4419107872842107,1
55,38.64119793884259,8,3,1.1803864119793883,0
21,1252.3546442013565,40,2,1.8725235464420136,0
78,206.36265593937543,53,0,3.682063626559394,1
52,2927.847548214625,32,2,2.189278475482146,0
55,11951.590920010343,31,1,2.3795159092001037,0
55,1105.7650808610233,23,0,2.0310576508086102,0
45,609.0192737133502,49,0,2.8660901927371336,1
42,48.27498021479426,5,5,0.6404827498021478,0
76,49288.73664406164,17,2,2.5328873664406166,1
31,11844.719155058498,50,0,2.738447191550585,1
42,498.9486004919644,58,2,3.004989486004919,1
21,119.41849605128212,57,1,2.621194184960513,1
78,546.9253334120502,47,1,3.365469253334121,1
63,113.9331022797488,57,1,3.461139331022798,1
55,284.1996812450409,68,3,3.5828419968124505,1
36,7928.57667946706,40,0,2.3992857667946708,0
59,64.43033722207468,64,0,3.7406443033722208,1
23,16713.177001768283,7,2,0.7471317700176828,0
79,24.0685247730519,44,5,2.9402406852477307,1
56,3310.2698774701557,2,3,0.9931026987747018,0
75,391.1998452323225,75,0,4.503911998452323,1
20,149.30878071963917,79,2,3.4014930878071965,1
49,180.4003546900937,53,1,3.021804003546901,1
40,1953.965596115714,68,3,3.2995396559611576,1
26,215.81630961161028,6,1,0.6821581630961161,0
27,270.03781805800605,28,3,1.4227003781805805,0
35,2657.947713513036,24,6,1.2065794771351304,0
24,128183.30401789026,70,4,4.241833040178903,1
49,12401.518126384435,2,4,0.8640151812638444,0
42,183.2345894935373,59,1,3.1218323458949357,1
19,233.5863257596343,31,1,1.5423358632575963,0
53,632.5116361650438,70,3,3.6263251163616506,1
41,58.81981915640385,68,1,3.460588198191564,1
37,1457.4517601593805,63,2,3.1145745176015938,1
74,99674.22836578373,52,3,4.316742283657837,1
53,236.17340476801695,47,1,2.8623617340476804,1
78,15967.090100074503,8,3,1.7996709010007452,0
64,4013.555164629012,22,3,1.96013555164629,0
77,13.833676667922845,73,3,4.220138336766679,1
41,8.034196203739226,7,2,0.9400803419620376,0
67,1115.0586561566638,8,3,1.4311505865615668,0
77,39266.53609666374,41,2,3.412665360966637,1
57,163.21446658296682,67,1,3.7416321446658296,1
44,20.30056307520193,65,2,3.320203005630752,1
53,179.135743574932,49,3,2.7817913574357496,1
60,2851.064814219709,56,4,3.148510648142197,1
42,237.413366820546,26,2,1.7223741336682057,0
19,2304.997746854092,37,2,1.723049977468541,0
58,11.327304833469714,2,3,1.0001132730483346,0
35,6.348671287745902,65,2,3.1400634867128776,1
70,346.2024645073473,75,1,4.323462024645074,1
77,8840.397356129055,45,6,2.9484039735612906,1
42,135.19745047728696,46,4,2.3613519745047733,0
32,46849.905079517775,50,0,3.108499050795178,1
41,3056.26424308398,7,3,0.8905626424308399,0
18,1392.6562983649908,73,3,3.0539265629836496,1
54,1589.2880928119782,13,3,1.37589288092812,0
55,89.98892478898424,4,3,1.0208998892478898,0
27,472.8998213379992,47,0,2.4247289982133804,0
18,2684.778018691489,67,2,2.906847780186915,1
43,4261.204468967462,58,0,3.2226120446896744,1
33,31.079313127759484,55,2,2.700310793131277,1
27,791.3168119312328,39,1,2.027913168119312,0
55,468.90896781652094,67,1,3.7046890896781655,1
20,38.11795506494379,35,1,1.7203811795506496,0
58,11612.28989252406,77,3,4.116122898925241,1
51,116.64829028187414,24,1,1.9011664829028188,0
56,15.275653421464789,62,1,3.5201527565342143,1
56,47.74325199209791,38,5,2.240477432519921,0
21,139.48214828933274,12,3,0.6613948214828933,0
28,277.23910254084313,66,3,2.9627723910254087,1
75,1509.4518359301965,25,0,2.5150945183593016,1
61,1648.487530721366,77,1,4.236484875307214,1
29,9790.643026888194,25,2,1.517906430268882,0
32,134.9805126080064,18,1,1.28134980512608,0
79,1024452.014768756,4,1,11.904520147687562,1
73,32.980166475542035,46,3,3.0603298016647558,1
70,210.3356471699462,41,4,2.7221033564717,1
78,23727.285864500096,51,2,3.6772728586450008,1
53,72.49786020674541,62,2,3.380724978602068,1
76,9.687279919795309,79,2,4.520096872799198,1
43,2735.2517326288903,44,2,2.487352517326289,1
70,131.95645211851513,76,3,4.201319564521185,1
54,1817.3359514603776,74,3,3.818173359514604,1
25,259.5438174283475,62,4,2.662595438174284,1
20,8.651153608700513,69,1,3.080086511536088,1
57,2177.7167219056178,1,1,1.1217771672190562,0
70,34293.30582030479,49,1,3.622933058203048,1
53,1745.9202511490034,41,2,2.55745920251149,1
54,10361.4928087064,60,1,3.503614928087064,1
72,9937.712566661465,44,2,3.1393771256666145,1
22,10349.882280237556,72,5,3.023498822802376,1
54,33345.87262969138,78,2,4.373458726296914,1
20,213.41658580634865,49,1,2.2821341658580634,0
36,1678.370916279919,25,2,1.5767837091627992,0
62,28.112682782712263,69,3,3.7602811268278273,1
40,11.863233367106012,17,3,1.2401186323336713,0
57,326.4141102416005,55,3,3.103264141102416,1
68,292.7673469759878,65,2,3.80292767346976,1
49,3.148006593243926,79,4,3.820031480065933,1
69,683.9461237761674,30,3,2.346839461237762,0
18,373.70544285952974,39,0,1.9237370544285957,0
63,56735.9189819627,22,1,2.627359189819627,1
39,316.95274306201543,28,1,1.82316952743062,0
63,65.25756129153373,70,2,3.900652575612916,1
24,3501.284618596303,67,3,2.955012846185963,1
69,632.3739260627161,48,2,3.146323739260627,1
30,47.63068094837105,27,1,1.6004763068094836,0
78,2636.473192544875,75,2,4.426364731925449,1
64,92.29350867604992,57,2,3.4009229350867605,1
34,165.35914510456806,49,1,2.5616535914510457,1
56,55.88130359598209,71,2,3.80055881303596,1
21,14388.430583884532,34,1,1.8438843058388452,0
70,530.5008116678025,48,2,3.165305008116678,1
53,132.68066774222137,14,0,1.6213268066774222,0
56,4336.857280788455,42,2,2.6833685728078844,1
48,16.66297682080933,67,6,3.160166629768208,1
52,139.22948408320056,63,4,3.2413922948408325,1
39,4595.943138952393,41,1,2.385959431389524,0
70,416.56166687702,31,5,2.2441656166687705,0
74,1230.5461006611713,18,1,2.132305461006612,0
20,182.7381202241536,23,3,1.0818273812022416,0
34,845.5208316398343,9,0,1.0484552083163985,0
19,25.29198149367044,41,2,1.860252919814937,0
25,11.010732863765671,48,2,2.2601101073286376,0
38,174.40817436848675,59,1,3.0417440817436847,1
42,39.44258478827991,18,2,1.4003944258478829,0
42,2654.2733818587235,6,4,0.7865427338185871,0
79,2444.289087142019,33,3,2.68444289087142,1
56,163.87573209150162,49,2,2.921638757320915,1
38,392.3193190272914,14,2,1.163923193190273,0
40,653.0458845746172,50,0,2.8065304588457463,1
19,0.3975561155170813,41,2,1.8600039755611557,0
30,344.26164652578296,33,1,1.8434426164652575,0
64,13.899102628656015,12,2,1.6001389910262869,0
51,8035.219677761426,35,2,2.340352196777614,0
63,1017.1898086961944,26,1,2.2301718980869616,0
62,5572.029836994154,37,2,2.6157202983699417,1
78,24650.457126342004,25,1,2.72650457126342,1
40,151.94290580699052,65,3,3.16151942905807,1
71,2512.7182002596314,73,3,4.125127182002596,1
22,1055.9143129751253,13,1,0.8905591431297514,0
54,750.223449392988,14,1,1.56750223449393,0
36,65.45085575310739,25,2,1.560654508557531,0
25,313.3530508424474,50,3,2.2631335305084246,0
55,684.7750280080714,75,2,3.9468477502800807,1
39,66.09614335848178,7,3,0.8206609614335849,0
24,169.35484919432372,14,2,0.8816935484919434,0
74,226.959412955055,2,1,1.4822695941295505,0
61,11316.411361455795,36,0,2.773164113614558,1
60,1374.641730631079,44,2,2.8137464173063105,1
45,26.36489428023088,74,3,3.620263648942802,1
45,37095.33231244325,23,1,2.1109533231244324,0
44,144.6115840977285,49,1,2.761446115840977,1
56,2560.924914902686,33,2,2.305609249149027,0
41,1201.025554926504,43,1,2.472010255549265,0
18,331.50782425045145,38,3,1.6433150782425046,0
49,522.0858047297916,10,3,1.145220858047298,0
77,11.056227875761088,20,4,2.020110562278758,0
73,123.5588492273636,75,3,4.221235588492274,1
77,24.286572771055837,48,2,3.3002428657277103,1
50,19314.77499731929,35,5,2.193147749973193,0
49,23.67221241893249,73,5,3.500236722124189,1
49,4566.756930113108,70,2,3.665667569301131,1
46,433.4450361591628,69,3,3.444334450361592,1
34,3.619806450698926,52,2,2.600036198064507,1
73,201.07547147286292,39,1,2.9420107547147287,1
70,6655.994981076289,36,1,2.826559949810763,1
18,10701.10898590932,16,5,0.7070110898590932,0
49,277.0643277408262,7,1,1.1827706432774083,0
22,4.071566800578798,22,2,1.160040715668006,0
41,4.244805917516808,27,4,1.5800424480591753,0
62,6.940564748054901,13,7,1.2000694056474803,0
78,741.6023676363388,36,0,3.007416023676363,1
32,4.499938748794269,16,0,1.280044999387488,0
54,16235.062659202938,38,4,2.4423506265920296,0
21,1111.1184626444144,24,5,0.991111184626444,0
55,74.73532954083133,23,0,2.020747353295409,0
55,657.479944373884,13,1,1.5465747994437389,0
70,33.35186518439879,24,2,2.200333518651844,0
74,676.3915235754912,76,0,4.526763915235755,1
33,569.6429687084776,22,0,1.5456964296870848,0
26,16851.312221165786,35,2,1.928513122211658,0
26,107.567547553596,7,1,0.7210756754755361,0
50,6802.801185179887,43,3,2.548028011851799,1
25,638.748449382355,16,2,0.9863874844938236,0
59,237.9824100027045,79,3,4.102379824100026,1
27,594.5973782350145,62,4,2.70594597378235,1
37,74.75004143043864,66,0,3.3807475004143046,1
65,1802.2909165443823,39,2,2.718022909165444,1
21,1350.6484540398956,46,4,1.953506484540399,0
37,11.73789799753174,50,2,2.580117378979975,1
26,24.56693258449128,3,2,0.4802456693258449,0
68,168.43741850769854,75,1,4.281684374185077,1
79,16.467091295591743,25,3,2.340164670912956,0
48,406.61663372059417,40,2,2.4040661663372056,0
74,141.26281163731332,9,1,1.7614126281163731,0
24,284.7819076824266,41,3,1.8828478190768243,0
52,38.00101339698201,60,3,3.200380010133969,1
49,6563.024481411882,75,2,3.8856302448141182,1
20,1059.6006391855176,10,1,0.7305960063918552,0
65,4838.860054440079,42,0,3.0283886005444005,1
37,786.5444460189607,1,2,0.6278654444601895,0
60,17.96383808902708,63,3,3.48017963838089,1
58,293.4106970852327,68,2,3.722934106970852,1
33,3365.36633683992,40,2,2.133653663368399,0
52,1107.3179811110872,60,3,3.2110731798111107,1
52,2891.4140436682665,40,2,2.5089141404366826,1
52,47.07270968730806,76,2,3.920470727096873,1
56,1385.975756577478,34,3,2.253859757565775,0
36,11525.706713096484,38,0,2.3552570671309647,0
69,13606.905718623791,24,0,2.476069057186238,0
51,13.420100662276406,11,4,1.1401342010066229,0
69,932.6179777775988,17,4,1.749326179777776,0
75,726.9929408025371,21,5,1.9472699294080256,0
22,389.4791435969466,12,2,0.7638947914359694,0
60,1257.0350561878693,1,0,1.2525703505618786,0
51,843240.0072558196,14,3,9.772400072558195,1
45,30.411999320490967,64,5,3.060304119993205,1
32,64.9399945267979,31,2,1.720649399945268,0
40,168.92084392774382,42,1,2.4016892084392776,0
75,14.518075012266538,78,1,4.540145180750123,1
78,564872.6470934076,29,0,8.368726470934076,1
64,50.03066639205546,42,0,2.9605003066639206,1
66,81.04103209825789,23,2,2.0808104103209826,0
37,11099.38185542945,9,2,1.0509938185542944,0
21,16.841984218533703,74,0,3.3801684198421853,1
58,133017.2360656462,32,3,3.5301723606564623,1
22,61.21516667397288,6,0,0.6806121516667397,0
20,2971.8342766309206,59,2,2.629718342766309,1
39,135.65761127647073,33,3,1.8613565761127648,0
65,8.079063019087794,19,1,1.9800807906301907,0
18,212.8066428537497,18,2,0.9221280664285376,0
63,6.20461613868364,58,4,3.2600620461613867,1
22,1271.5561678260303,79,2,3.4527155616782603,1
49,1428.0065202753776,6,2,1.074280065202754,0
75,1430.613446125118,6,4,1.434306134461251,0
41,5.699491494374441,29,1,1.9000569949149435,0
32,324.10509742006985,37,2,1.9632410509742009,0
68,629.7651148291607,40,0,2.966297651148292,1
62,12.723877171460432,63,5,3.3601272387717147,1
61,3655.29610199927,33,3,2.3365529610199927,0
31,1159.0511629864206,25,3,1.3915905116298644,0
77,17.722045709566448,3,0,1.6601772204570957,0
60,5481.667506806243,45,1,2.9748166750680625,1
73,249.68383014696025,71,3,4.0624968383014695,1
27,4056.256820830589,69,4,3.0205625682083066,1
46,3.660436180614256,1,4,0.6400366043618062,0
78,16.15617946134486,74,3,4.280161561794613,1
28,1.0399617345548031,21,1,1.3200103996173451,0
27,308.4679013485358,4,2,0.5430846790134853,0
64,174.96342347278554,25,1,2.201749634234728,0
45,32.9403302244272,51,0,2.940329403302244,1
26,71.69846009120945,12,2,0.840716984600912,0
30,290.35310737682494,5,1,0.7229035310737683,0
26,1049.5126870974475,59,2,2.730495126870974,1
18,245.16156983476665,5,0,0.5624516156983477,0
50,191.4758924314033,30,2,2.041914758924314,0
63,3507.722044458653,19,3,1.8150772204445869,0
39,285.6728634061535,53,3,2.662856728634061,1
46,13.729116570342743,63,0,3.4401372911657035,1
59,29385.018349559203,58,4,3.473850183495592,1
29,192.0860440790113,48,2,2.3419208604407897,0
26,19.082079564136336,53,3,2.400190820795641,0
61,1206.4397424475335,8,0,1.5520643974244754,0
23,6648.235227892295,3,3,0.4064823522789229,0
42,1868.092418199395,77,2,3.7786809241819936,1
76,63.92245262029778,46,0,3.360639224526203,1
22,568748.5937815739,78,1,9.16748593781574,1
64,28.45943505916121,40,2,2.720284594350592,1
52,98.605275716242,49,2,2.840986052757162,1
54,233.3259430990642,11,5,1.1223332594309907,0
27,1491.9595240816482,68,6,2.794919595240817,1
63,1211.5412176722373,70,2,3.912115412176723,1
56,182.97622987878177,23,1,1.961829762298788,0
68,279.80566728386805,5,2,1.4027980566728389,0
37,9.940105071370889,71,1,3.5000994010507136,1
57,493.7373086542096,77,3,3.9849373730865416,1
56,60.76621953578679,4,1,1.200607662195358,0
42,690.241247672785,25,2,1.686902412476728,0
73,3154.33975932155,43,1,3.1315433975932154,1
45,10091.35019705071,66,3,3.400913501970507,1
41,99.87698913385648,17,3,1.2609987698913387,0
79,23.245384911846955,60,0,3.9802324538491183,1
72,786.3089780677806,64,1,3.927863089780677,1
40,50.25236159668738,74,1,3.680502523615967,1
77,613.7260563097778,17,2,2.0661372605630977,0
54,351.22853448445494,8,3,1.1635122853448447,0
62,457.9076379778558,8,2,1.4045790763797787,0
24,299.7764927829585,57,0,2.76299776492783,1
37,118.47814481384972,60,3,2.901184781448138,1
55,432.8140591082088,55,2,3.144328140591082,1
50,5301.891370082122,2,1,1.0530189137008212,0
30,6590.970749622272,48,3,2.3459097074962223,0
31,265.3418476915504,24,5,1.1826534184769155,0
26,69.61543961708024,56,1,2.6806961543961707,1
63,2.0040678128189917,73,4,3.860020040678128,1
53,230.4517765429776,3,3,0.94230451776543,0
44,28.85389227336304,21,0,1.7202885389227336,0
76,176.29363949295373,79,2,4.521762936394929,1
78,2.664187163260574,74,1,4.440026641871633,1
21,602.8748625268363,19,2,1.0260287486252684,0
22,3289.7662335095565,48,0,2.392897662335096,0
39,224.2226899556915,48,0,2.702242226899557,1
49,15308.90212664312,5,4,1.0130890212664312,0
48,27.132652674001697,50,3,2.72027132652674,1
68,49.56927071863092,20,3,1.9204956927071868,0
22,181.6641104560312,47,3,2.0818166411045604,0
73,223.8600289458832,31,1,2.6222386002894584,1
60,12.759012583546752,53,0,3.320127590125836,1
78,620.4913765249622,51,5,3.2062049137652497,1
51,800.5431414354482,28,2,1.9880054314143545,0
44,29.012964797804308,28,2,1.8402901296479783,0
67,99.45965425523742,31,4,2.260994596542553,0
32,807.1715466247008,24,3,1.368071715466247,0
63,1280.7689206937946,43,2,2.8328076892069376,1
39,40.30687371875536,62,0,3.260403068737188,1
74,474.748083729783,64,1,3.964747480837298,1
53,376.7327516704841,13,2,1.423767327516705,0
79,483.5494504538215,20,2,2.2248354945045383,0
78,95.18658534052858,8,2,1.7209518658534055,0
75,118.48450422114296,2,1,1.5011848450422114,0
43,5053.59035474211,35,0,2.310535903547421,0
77,57.29118890322137,16,0,2.1805729118890325,0
59,527.5244358144355,43,3,2.665275244358144,1
26,148.1984541977444,4,1,0.6014819845419775,0
72,3.4848595688892594,59,0,3.800034848595689,1
46,2339.8291248770443,15,4,1.2233982912487704,0
77,1627.0691057168265,18,4,1.956270691057168,0
46,1886.4396771502695,73,1,3.7788643967715023,1
41,255.87163198778148,51,1,2.782558716319878,1
31,139.33331495735763,41,1,2.1813933331495736,0
49,959.4837919103144,48,2,2.749594837919103,1
61,8.095918428408151,67,2,3.740080959184284,1
55,24.655668673627584,27,2,2.020246556686736,0
63,274.4093553229229,70,7,3.502744093553229,1
23,136.61639663355896,41,1,2.021366163966336,0
66,2.7567139838053505,37,2,2.640027567139838,1
25,506.6875184403633,30,4,1.3850668751844035,0
74,21.388829172558868,51,1,3.440213888291725,1
47,215.39095658871253,58,2,3.102153909565887,1
61,637.7845732067932,63,1,3.666377845732068,1
70,5824.781975215117,76,3,4.258247819752151,1
57,30.612667922361982,66,1,3.700306126679224,1
73,2814.001998076244,61,1,3.8481400199807614,1
26,0.2380269177981698,20,2,1.160002380269178,0
70,15.1484749955264,8,1,1.6401514847499554,0
76,21.276400741467445,34,4,2.560212764007415,1
45,2.913559295353151,6,3,0.9000291355929535,0
31,7049.152943445803,52,2,2.6104915294344577,1
78,604.7114825859761,51,1,3.52604711482586,1
47,35617.38808560288,46,2,2.9761738808560287,1
50,872.5204325008564,10,1,1.3287252043250084,0
30,466.317329929249,56,0,2.844663173299293,1
38,209.331452297934,29,3,1.6820933145229793,0
75,425.3137268145213,42,4,2.864253137268145,1
21,135883.11888452084,61,4,3.8988311888452087,1
22,662.1919990879398,16,3,0.8466219199908795,0
23,336.535945305933,59,2,2.663365359453059,1
59,181.98744940913676,9,3,1.3018198744940912,0
59,467.35611974028905,64,5,3.344673561197403,1
62,1511.5155425569687,50,1,3.1751151554255697,1
72,29.65032115698016,55,1,3.56029650321157,1
29,5099.454958204808,42,8,1.6709945495820475,0
22,1418.596803382685,25,0,1.4541859680338267,0
48,1690.6825679531853,46,2,2.656906825679532,1
25,2.4061974410113987,34,3,1.6200240619744102,0
49,841.6838964368301,8,1,1.2284168389643682,0
25,30.75302385495324,46,1,2.2603075302385496,0
75,57.634973532470255,69,5,3.8605763497353247,1
71,1188.3759996360934,60,1,3.751883759996361,1
51,3.7252391290006575,32,1,2.2200372523912897,0
71,20.77535403416884,51,1,3.3802077535403416,1
74,322.9100446661116,9,0,1.8432291004466608,0
42,32.58976740676074,6,2,0.9203258976740676,0
29,20611.159882604603,64,3,3.106111598826046,1
20,5363.986756245333,3,1,0.4936398675624533,0
67,21793.844416842174,35,1,2.877938444168422,1
78,0.3372787264852446,15,2,2.0000033727872646,0
19,563.0402832715705,79,0,3.545630402832716,1
30,1812.6761022229475,22,2,1.3381267610222294,0
79,1164.895926425214,54,4,3.4316489592642525,1
75,748.0049689279663,16,3,1.90748004968928,0
72,2.985352139925033,38,0,2.960029853521399,1
33,17715.7890686722,67,4,3.1971578906867224,1
31,18.79287215330349,6,1,0.7801879287215331,0
70,57919.08260306665,47,1,3.779190826030667,1
57,4.607039995522581,78,0,4.260046070399955,1
71,591.2067134108279,12,1,1.825912067134108,0
19,1234.2452518154437,1,4,0.1123424525181543,0
35,29828.3401836818,67,1,3.5982834018368184,1
75,1790.0936347554614,5,2,1.5579009363475549,0
29,59825.238710101454,74,1,4.058252387101014,1
20,938.3685340357328,32,0,1.6893836853403574,0
60,691.5514482627121,77,0,4.286915514482628,1
29,846.1812485819842,49,2,2.3884618124858195,0
60,88.58268249795321,16,3,1.6008858268249797,0
77,546.6564230735091,33,2,2.705466564230735,1
18,37.57890950789694,26,4,1.080375789095079,0
36,375.8560013902114,6,3,0.723758560013902,0
72,37.295905417422446,74,1,4.320372959054174,1
62,248.17245823709263,43,2,2.8024817245823708,1
32,699.868199680825,58,0,2.966998681996808,1
46,1256.39841016543,7,2,1.0525639841016543,0
31,96.45859277938824,74,2,3.420964585927794,1
59,302.48314866736933,34,1,2.4630248314866736,0
35,65.37458357742732,30,1,1.820653745835774,0
36,87.93380267866475,18,0,1.4408793380267866,0
26,350.836702779019,27,4,1.2835083670277905,0
59,1138.4255095053186,74,0,4.151384255095053,1
34,238.54883268653072,66,2,3.1623854883268656,1
76,668.1017685341252,72,1,4.326681017685341,1
75,263.82952405381326,50,1,3.422638295240538,1
50,1007.829139996758,48,1,2.850078291399967,1
41,58.65876652826995,7,2,0.9405865876652828,0
31,346.5391205935255,58,1,2.863465391205935,1
77,36.85997374910541,55,2,3.580368599737491,1
52,202.0985056958672,76,0,4.082020985056959,1
63,456.3398270279951,67,1,3.86456339827028,1
59,37.94935394396756,25,2,2.02037949353944,0
27,170.82156043403486,52,1,2.5417082156043405,1
30,23.83639318091319,25,2,1.4402383639318093,0
77,1727.9735769274102,21,1,2.317279735769274,0
51,28.403494220487737,41,0,2.660284034942205,1
22,21.44016220619797,32,0,1.720214401622062,0
78,829.3280155422177,72,2,4.288293280155422,1
67,43127.69913132341,68,4,4.171276991313234,1
19,19662.67626773913,3,2,0.5366267626773913,0
75,268.2203366181524,17,2,2.0226822033661813,0
21,270.5538707689066,12,1,0.822705538707689,0
68,289.369582604296,15,3,1.7228936958260432,0
46,768.7356469748456,48,3,2.6076873564697483,1
59,2104.017760908532,73,1,4.041040177609085,1
76,62.59081737085449,7,4,1.4806259081737083,0
47,16.534083402213,46,2,2.620165340834022,1
54,1095.5886780638907,45,4,2.5709558867806392,1
63,287.5763430930729,27,3,2.102875763430931,0
63,9177.780531427014,69,4,3.791777805314271,1
62,39665.51752103704,13,0,2.1566551752103704,0
56,977.3070103373192,66,2,3.609773070103373,1
25,840.8881287599354,77,4,3.2684088812876,1
67,17.717192899023953,27,2,2.2601771719289903,0
24,8143.887787256351,65,2,3.001438877872564,1
63,259.79188300910573,26,2,2.142597918830091,0
73,762.0667546505853,17,2,1.987620667546506,0
79,154.69092893506138,77,4,4.341546909289351,1
28,82.29553150812333,22,4,1.1208229553150812,0
35,264.79205898961885,73,0,3.622647920589896,1
47,54022.83177340557,24,2,2.280228317734056,0
64,358.7466883575076,33,0,2.6035874668835755,1
48,2712.2518953664626,35,1,2.3071225189536646,0
28,35390.14564169698,8,3,0.99390145641697,0
74,115.44132875633512,79,3,4.401154413287563,1
57,9.378165927912397,43,3,2.6200937816592798,1
34,173.62543529475005,48,1,2.521736254352948,1
33,388.5799844953003,52,2,2.583885799844953,1
70,4243.973687897024,38,1,2.88243973687897,1
56,673.2416149821262,22,1,1.9267324161498207,0
36,1.386836424891829,54,3,2.6400138683642487,1
69,73.75606314196177,52,0,3.46073756063142,1
48,215.58541515707745,39,5,2.122155854151571,0
30,506.5740429343488,59,4,2.6450657404293434,1
30,4.72805434243456,54,3,2.520047280543425,1
30,4571.065931388737,55,2,2.6857106593138877,1
54,26.65324134511674,73,2,3.840266532413451,1
32,69414.43562934847,62,2,3.654144356293485,1
25,5.819783608084892,71,4,3.020058197836081,1
75,2376.146688726088,4,4,1.3637614668872606,0
41,392.44533085802885,17,2,1.3439244533085806,0
30,43.7972538475999,4,2,0.600437972538476,0
35,82.57424337571688,56,2,2.780825742433757,1
37,13.400386770314215,54,2,2.740134003867703,1
21,3.944298677994716,34,2,1.6200394429867802,0
42,5.2099777203260205,58,6,2.680052099777203,1
30,2013.7155953309248,69,3,3.140137155953309,1
70,156.60246536340637,18,1,2.0415660246536342,0
44,19.02652917416849,32,3,1.9201902652917413,0
29,297.22007347859943,24,0,1.542972200734786,0
37,560.8248130818522,71,1,3.505608248130818,1
44,3368.874647509935,72,4,3.473688746475099,1
30,31.64305268052716,19,1,1.280316430526805,0
76,47.93199442194182,6,1,1.6804793199442194,0
56,85.52821594156313,11,5,1.1608552821594156,0
63,198.12881717976612,38,2,2.621981288171797,1
68,14544.509096080894,10,3,1.665445090960809,0
75,2791.327138542346,77,3,4.367913271385423,1
54,77.28994859734382,50,3,2.840772899485973,1
25,26.277700052912536,6,4,0.4202627770005291,0
46,820.6651893417275,26,4,1.6482066518934173,0
56,19362.85691056982,11,5,1.3536285691056982,0
75,29.65710917987613,16,2,1.980296571091799,0
58,5628.37848122659,3,2,1.1762837848122658,0
28,6.180608603794138,63,2,2.920061806086038,1
24,422.5666214284121,69,1,3.164225666214284,1
66,206.12045384981184,46,3,2.9220612045384984,1
27,97.03723317573186,41,2,2.0209703723317576,0
51,910.050681055416,67,3,3.4691005068105545,1
76,8884.04655151654,72,1,4.408840465515166,1
52,944.6660106048832,66,2,3.529446660106049,1
53,816.1570347762445,1,2,0.9481615703477624,0
26,14.154963917258453,1,0,0.5601415496391726,0
59,114.89465787272626,3,0,1.3011489465787274,0
55,2159.8028642590752,28,0,2.241598028642591,0
62,267.6779113181722,44,0,3.0026767791131816,1
29,4585.487486492482,63,1,3.065854874864925,1
67,3166.3841642186885,70,3,3.9316638416421874,1
37,2604.7266772619105,74,1,3.646047266772619,1
44,9040.217364414735,51,3,2.770402173644148,1
25,46.75834768110048,6,2,0.5804675834768109,0
39,2888.467674185384,5,1,0.9288846767418538,0
75,27440.073357546527,23,2,2.534400733575465,1
61,105.02366451339616,38,4,2.4210502366451343,0
78,22.666968515197368,62,2,3.880226669685152,1
79,407.0639702577839,39,0,3.144070639702578,1
70,328.4659184553228,7,3,1.4432846591845534,0
28,14423.781003467391,49,3,2.4242378100346738,0
57,717.6446301727341,58,5,3.0671764463017275,1
49,1064.7382518689035,76,2,3.8706473825186887,1
46,78.81819061141097,46,5,2.360788181906114,0
37,44.39303483916304,47,4,2.300443930348392,0
53,723.6041331149195,60,3,3.2272360413311487,1
23,4436.407032676089,9,0,0.8643640703267609,0
40,697.2409600715251,36,1,2.166972409600715,0
28,487.7636177442543,37,1,1.9648776361774427,0
60,14582.154524134052,28,3,2.225821545241341,0
30,487.8122826700541,46,2,2.2848781228267003,0
72,591.6183745352821,10,1,1.7659161837453523,0
72,1175.7156399811267,19,3,1.9717571563998115,0
28,20.552853118046485,61,2,2.84020552853118,1
72,17.517222067553696,68,2,4.000175172220676,1
21,688.7006203904923,63,4,2.626887006203905,1
22,59.69146691145889,67,1,3.0405969146691145,1
56,1.801476035118502,30,1,2.2400180147603512,0
66,875.4839183882727,78,1,4.368754839183882,1
62,1558.6629302265835,13,3,1.5355866293022655,0
55,4514.532410210294,23,5,1.6651453241021033,0
39,1324.3055601601825,64,2,3.193243055601602,1
22,51.30280911788394,69,4,2.8805130280911797,1
73,993.3881685546404,41,2,2.9499338816855465,1
36,134782.04682482063,79,1,5.147820468248207,1
21,4335.082624804812,46,3,2.0633508262480484,0
22,1118.5790992835032,67,1,3.051185790992835,1
53,14.401160768386818,70,2,3.700144011607684,1
66,1184.653496635139,79,5,4.091846534966352,1
19,10.092005362007882,68,2,2.94010092005362,1
48,1217.7414923785234,39,2,2.372177414923785,0
46,59.29698629130413,1,1,0.8805929698629131,0
22,34.31537901745758,34,3,1.5603431537901746,0
71,219.18478012590072,58,3,3.5021918478012584,1
25,593.9657799019042,47,4,2.0659396577990194,0
77,7.8317177142465395,52,3,3.3800783171771425,1
74,461.4371496627045,27,3,2.3246143714966268,0
56,8.413615308669208,9,2,1.3200841361530868,0
64,6342.221595110021,26,6,1.9034222159511,0
52,397.0382141054377,6,1,1.2039703821410543,0
52,788.7029837599633,3,3,0.9278870298376,0
48,35.36097358736928,19,3,1.4803536097358736,0
64,41083.90156990733,38,1,3.130839015699073,1
51,1074.9669168567689,58,0,3.350749669168568,1
68,8653.624522320379,52,0,3.526536245223204,1
56,45.43956823185796,30,0,2.3204543956823187,0
40,9.930222033909123,71,1,3.5600993022203387,1
67,3768.224313750283,39,2,2.7776822431375026,1
67,408.6612467918053,28,4,2.1440866124679183,0
77,201324.4671718189,25,5,4.153244671718189,1
33,1789.8173733396136,79,1,3.757898173733397,1
66,268.90854695411275,71,0,4.162689085469541,1
59,92.093256667185,76,4,3.900920932566673,1
18,191.15354938364212,9,4,0.4019115354938363,0
62,15.524359048516002,19,1,1.920155243590485,0
28,12949.43945102718,66,1,3.249494394510272,1
35,1919.2516032316173,10,2,0.9591925160323164,0
72,179435.7824753961,34,1,4.5143578247539615,1
32,617.6848714575316,33,0,1.9661768487145757,0
76,35.535860951040014,26,0,2.5603553586095105,1
38,537.240488407367,70,2,3.4053724048840737,1
47,4.073961199807244,34,3,2.060040739611998,0
59,1929.524348102947,43,1,2.839295243481029,1
76,1007.3191644585836,17,4,1.8900731916445856,0
59,312.2088552987774,69,1,3.863122088552988,1
52,113.11134443860551,18,1,1.681131113444386,0
31,1851.9766572109563,10,4,0.7185197665721095,0
25,657.80537953436,24,2,1.3065780537953435,0
47,159.46156944988556,39,1,2.4215946156944987,0
59,2249.841174735953,24,3,1.9224984117473591,0
62,22.419974685221472,17,1,1.840224199746852,0
28,9313.314066669507,24,0,1.613133140666695,0
76,3622.499773371575,52,1,3.5562249977337155,1
33,92.80041652917151,60,1,2.980928004165292,1
78,6412.871292077256,7,2,1.7441287129207728,0
57,811.3454515997379,41,1,2.7081134545159973,1
64,5107.429326585003,3,2,1.29107429326585,0
49,2773.053474750459,1,3,0.8077305347475046,0
18,479.43581814073576,43,2,1.9247943581814075,0
30,4.511132045640774,59,2,2.800045111320456,1
51,1102074.940986839,45,1,13.760749409868389,1
41,40.89042136981946,54,1,2.9004089042136982,1
36,1171.2557795685611,55,4,2.611712557795686,1
24,53638.24120489334,43,1,2.656382412048933,1
22,55.25690178099326,8,4,0.4405525690178098,0
37,496.4034589039452,23,2,1.5049640345890396,0
77,3.04655314581335,27,1,2.540030465531458,1
44,104.48761335996213,11,1,1.2410448761335997,0
34,1351.7188656391895,66,4,3.0135171886563925,1
71,119.60854020671754,61,3,3.621196085402067,1
63,7.35340667919341,7,4,1.220073534066792,0
24,11953.897575416451,66,2,3.0795389757541645,1
61,61.03294204726066,43,1,2.860610329420473,1
66,234.7190675348228,44,2,2.922347190675348,1
58,6.680265636244887,15,0,1.7600668026563624,0
66,251197.49448042468,57,2,5.951974944804247,1
32,96.17502669621628,32,2,1.7609617502669623,0
28,564.2284855633259,19,3,1.0856422848556333,0
40,2595.590553272165,66,1,3.3859559055327217,1
55,66064.48445611873,57,2,3.8806448445611874,1
76,1595.0133921763772,50,2,3.375950133921764,1
57,501.0256967168221,75,5,3.7450102569671686,1
77,51.77244291643698,22,6,1.9405177244291645,0
29,3795.1973200692582,58,4,2.6179519732006926,1
43,9.112446858769692,2,2,0.7800911244685876,0
55,4209.909807574138,34,0,2.5020990980757416,1
23,1694.7084408783753,61,0,2.9169470844087835,1
43,34.833710138203834,67,5,3.1403483371013823,1
45,815.0204198457392,49,1,2.788150204198457,1
33,247.03174888282612,8,1,0.9024703174888284,0
52,822.5792061227687,47,2,2.7682257920612274,1
28,14321.36539646364,33,2,1.8632136539646365,0
35,509.4626912643144,23,2,1.4650946269126437,0
70,221.41739654427465,35,2,2.642214173965443,1
72,725.7244258077321,65,0,4.047257244258077,1
51,539.2044365569733,26,1,1.98539204436557,0
26,3.5201561665434338,59,2,2.7200352015616653,1
33,1481.1390248749144,6,1,0.8348113902487492,0
28,352.7764542849085,40,1,2.083527764542849,0
56,245.73608470139465,51,2,3.002457360847014,1
51,105.67446971207649,41,0,2.661056744697121,1
69,79.22054145753562,54,1,3.460792205414576,1
22,268.8184240772083,72,2,3.162688184240772,1
37,493.2729816513765,65,2,3.1849327298165138,1
75,2976.111488732336,54,0,3.689761114887324,1
52,205.45052031361968,13,2,1.4020545052031363,0
46,139.98495866475255,54,0,3.0813998495866475,1
78,192.41111718059852,33,2,2.721924111171806,1
60,106.63559538220836,26,1,2.161066355953822,0
57,15920.06364175719,65,1,3.819200636417572,1
44,3665.8407378684697,14,5,1.076658407378685,0
60,17.65341505397819,49,2,3.0001765341505395,1
58,12.39698855331246,77,3,4.000123969885533,1
32,379.09040014181136,32,1,1.843790904001418,0
23,13564.34472202344,47,2,2.3156434472202343,0
62,90.58114281318406,20,1,1.960905811428132,0
49,556.5202811483712,4,1,1.0655652028114837,0
77,468.4894007246231,25,6,2.064684894007246,0
32,1100.9311848224982,30,3,1.611009311848225,0
39,470.0493197340245,79,2,3.78470049319734,1
52,1579.396694386667,56,1,3.215793966943867,1
66,71.65018788069344,57,3,3.360716501878807,1
23,7.203282263829007,55,1,2.5800720328226383,1
45,1216.0667255943663,52,3,2.752160667255944,1
24,9.008313849029586,23,3,1.1600900831384904,0
29,7162.612176133868,50,1,2.5716261217613385,1
28,59.187655547637696,55,1,2.6805918765554764,1
61,3769.2499295335824,31,1,2.4176924992953355,0
41,2151.1521214141703,26,1,1.8015115212141417,0
77,46.86064243300616,35,1,2.8604686064243303,1
61,96183.7371702209,22,2,2.901837371702209,1
26,502.7975899117882,12,0,1.005027975899118,0
41,385.28509354598674,61,3,3.02385285093546,1
79,3615.994764471534,12,1,2.016159947644716,0
33,6199.8895905800455,18,2,1.2819988959058006,0
33,63.64115846052798,19,2,1.2606364115846054,0
35,55.09776915504572,49,1,2.5805509776915505,1
18,515.0844219959564,73,2,3.12515084421996,1
56,284.9226165367154,19,2,1.7228492261653674,0
45,1121.9997809369372,38,2,2.271219997809369,0
56,592.9669732880984,51,4,2.845929669732881,1
34,362.3401226242543,33,3,1.7636234012262426,0
46,27.57767511055908,58,0,3.2402757767511057,1
61,2562.195475635262,56,3,3.245621954756353,1
29,41428.42034835968,42,0,2.6742842034835967,1
45,426.3484635136258,56,2,2.9842634846351364,1
18,341.5850993919554,42,1,1.9634158509939192,0
63,19.649094805746618,55,3,3.220196490948058,1
50,519.9619768515305,68,3,3.4851996197685158,1
77,23.317502364393523,7,0,1.820233175023644,0
68,29.57641399803376,25,1,2.2802957641399804,0
48,178.66738457513358,6,2,1.0417866738457515,0
50,4035.805152275059,23,3,1.7203580515227508,0
36,17.587048926910573,38,2,2.0801758704892688,0
43,955.8003500811726,64,3,3.189558003500812,1
47,91.94973952193736,75,2,3.780919497395219,1
76,2321.445118686832,67,1,4.143214451186869,1
51,350.53939113267273,54,2,3.0235053939113268,1
44,9934.502652892375,6,0,1.2193450265289236,0
56,115.72998447852164,58,6,2.961157299844785,1
44,407.09312500998186,38,2,2.2440709312501,0
38,6835.011631388429,59,0,3.188350116313884,1
36,39.0688825501233,67,7,2.8403906888255013,1
26,13.694158625512108,51,2,2.400136941586255,0
41,9004.61171757948,50,7,2.3500461171757947,0
34,77.077578406058,44,4,2.120770775784061,0
75,44.6265416199052,30,6,2.2204462654161987,0
40,1.0699160112816468,29,2,1.800010699160113,0
27,398.79294008396175,3,3,0.4239879294008396,0
39,10882.488421720578,57,0,3.168824884217206,1
68,202.00617607315775,37,2,2.6820200617607317,1
42,150.87675375276606,4,2,0.8415087675375276,0
34,413.7985597712852,44,1,2.3641379855977127,0
63,312.6700272735352,17,3,1.7031267002727353,0
47,31.71024656166342,56,3,2.9403171024656167,1
53,14.295383212310066,6,3,1.0601429538321232,0
47,13312.305752676071,62,0,3.5531230575267605,1
76,285.11920104632736,20,0,2.3228511920104635,0
26,24.592745135690155,44,3,2.040245927451357,0
33,850.0466412751563,63,2,3.0285004664127517,1
72,26.79840394363424,40,1,2.9602679840394366,1
59,128.50076285563375,7,1,1.3812850076285563,0
66,87.51167710417889,36,3,2.520875116771042,1
77,1080.5635992578175,72,0,4.430805635992578,1
19,111.4276900019812,8,4,0.3811142769000198,0
22,0.2821638583159718,73,0,3.360002821638583,1
23,348.29561479840044,71,0,3.303482956147984,1
18,58.10761880708866,41,1,1.9205810761880708,0
64,58.18588599165047,6,3,1.2805818588599165,0
70,183.9427687388425,74,4,4.041839427687388,1
62,419.2145106177275,19,2,1.8441921451061776,0
55,2410.296634536824,44,2,2.7241029663453684,1
47,666.8469856236629,10,2,1.1866684698562369,0
71,179.4506935790826,3,1,1.4617945069357905,0
38,244.69663711665083,72,0,3.6424469663711663,1
56,43549.04460801228,26,0,2.595490446080123,1
64,23472.29317866472,60,1,3.834722931786647,1
67,135.23270184432613,32,2,2.461352327018443,0
26,6081.715274529997,43,1,2.2208171527453,0
23,5898.15649499114,30,0,1.7189815649499114,0
51,378.1405748134091,8,2,1.1837814057481342,0
47,4.828166779754644,66,0,3.5800482816677976,1
63,0.8076398219150743,59,1,3.5400080763982187,1
59,18425.56023704185,78,0,4.4842556023704185,1
24,620.2559534371248,6,4,0.4062025595343713,0
46,346.6517649856653,58,1,3.1634665176498564,1
28,130.9163930288081,46,0,2.4013091639302884,0
43,334.2708574874937,4,1,0.943342708574875,0
46,28.806983061242843,54,2,2.9202880698306126,1
59,195.75233697370328,43,1,2.821957523369737,1
65,419.34624825902256,62,1,3.70419346248259,1
56,605.0271802513337,18,2,1.6860502718025134,0
18,105.83811902230543,4,1,0.441058381190223,0
47,157895.57245173948,41,1,4.078955724517395,1
51,147.79435009849126,31,2,2.101477943500985,0
43,139.8573099235381,58,3,2.941398573099235,1
53,233.92566721162103,72,1,3.862339256672116,1
71,161.00004465010417,45,2,3.061610000446501,1
29,2583.0293057279787,32,2,1.7258302930572798,0
39,115.43255446357983,12,1,1.1811543255446355,0
30,10651.41425218802,38,2,2.0665141425218803,0
35,16.825734105566486,12,1,1.1001682573410556,0
54,27.029339887209915,43,2,2.640270293398872,1
52,46.849454878520135,45,0,2.840468494548785,1
44,14061.145258777702,37,1,2.420611452587777,0
29,719.078990896239,15,3,0.9471907899089624,0
32,59207.39869107585,42,1,2.8320739869107587,1
33,573.071790772993,67,3,3.10573071790773,1
61,61.35468927375181,43,5,2.5406135468927373,1
20,145422.82796918717,76,2,4.734228279691871,1
29,982.2031007373498,18,1,1.2298220310073733,0
79,45.45216617812535,65,1,4.100454521661781,1
69,908.997184609342,65,4,3.669089971846094,1
64,774.4761284444683,49,1,3.1677447612844447,1
39,433.46703829972455,7,3,0.8243346703829972,0
23,242.7291264505896,72,3,3.102427291264505,1
36,8637.953585258349,33,0,2.126379535852584,0
20,533.9535651344693,53,1,2.4453395356513448,0
65,214.3478396856034,58,2,3.462143478396856,1
40,1337.5372394687138,50,2,2.653375372394687,1
53,554.7560988275418,9,1,1.3455475609882752,0
50,2324.4364583633574,33,1,2.2632443645836338,0
75,356.00562094158244,17,2,2.023560056209416,0
71,146.1557810977188,1,3,1.221461557810977,0
54,267.82549584163854,8,0,1.4026782549584165,0
23,42.698089397969234,13,1,0.9004269808939798,0
23,294.96991879645657,60,4,2.5429496991879645,1
74,507.23080740036346,12,5,1.5650723080740034,0
45,4.231267324393491,36,2,2.180042312673244,0
60,7.786394633577141,39,3,2.5200778639463355,1
60,233.92275714423332,2,3,1.0423392275714425,0
64,36.67282192984412,61,3,3.4803667282192983,1
19,8.75389608013792,33,1,1.6200875389608014,0
46,1736.3710838780444,56,3,2.93736371083878,1
48,275.2439798500321,26,1,1.9227524397985003,0
30,93.3153509133312,30,4,1.4809331535091332,0
37,24543.174078802094,72,2,3.7054317407880206,1
43,40.52105310575973,31,1,2.0204052105310577,0
59,847.3764750665515,61,2,3.468473764750665,1
38,4964.69354011622,8,4,0.8096469354011622,0
64,1731.627183644256,45,0,3.0973162718364424,1
53,674.3253950042196,63,2,3.4267432539500424,1
62,6280.223951897469,61,1,3.662802239518975,1
36,6196.783096554848,3,2,0.7419678309655484,0
68,11.872425971614293,31,3,2.360118724259716,0
58,439.9252194372773,20,3,1.7243992521943727,0
58,4573.5592475415015,10,0,1.605735592475415,0
68,1110.1836911108933,3,2,1.331101836911109,0
76,24.21105412081786,16,2,2.0002421105412083,0
29,110.09099169443267,76,4,3.3011009099169444,1
72,29.306032853992512,59,1,3.7202930603285393,1
46,148.72363474252737,55,1,3.041487236347425,1
22,426.1891323259858,53,5,2.16426189132326,0
21,506.3866084322394,36,1,1.7850638660843223,0
49,3770.892762799871,49,1,2.8977089276279986,1
37,1770.883666312209,66,0,3.397708836663122,1
57,3731.886888498343,23,1,2.0173188688849835,0
38,342.6568901228051,18,4,1.163426568901228,0
72,95.021391419219,33,3,2.520950213914192,1
55,989.3800230815436,1,2,0.9898938002308156,0
42,4117.806544008282,63,2,3.241178065440083,1
67,68.73616006146416,45,3,2.900687361600615,1
67,71.05279112139436,1,5,0.980710527911214,0
32,10.365357985997742,67,1,3.24010365357986,1
79,379.6081047402097,30,0,2.7837960810474023,1
49,14.384003353616118,55,1,3.100143840033536,1
53,2411.042662626506,46,0,2.924110426626265,1
43,2393.163789294986,41,0,2.52393163789295,1
41,1.7870824214185044,11,3,1.0200178708242142,0
75,11899.253501372725,39,1,3.0989925350137275,1
59,2223.104986081,47,0,3.08223104986081,1
32,306.40595040598873,37,6,1.6430640595040598,0
51,32.98075951488543,57,1,3.220329807595149,1
45,48.78685183019334,67,0,3.5804878685183024,1
53,8.562269593911113,67,1,3.6600856226959393,1
61,36.76525771583986,14,2,1.6203676525771584,0
59,960.819351659174,68,0,3.909608193516592,1
22,136.68380249758897,73,2,3.201366838024976,1
41,18.31826411247104,23,1,1.6601831826411249,0
75,2.2397820681803906,19,3,2.0200223978206813,0
74,140.86546307999225,17,1,2.0814086546308,0
63,6.477198192998491,35,1,2.58006477198193,1
61,839.2710209148146,63,1,3.668392710209148,1
73,88.33759329222619,54,4,3.3008833759329224,1
57,4895.940905894238,53,2,3.148959409058943,1
73,1279.9463130181648,73,3,4.152799463130181,1
24,74805.18355636703,54,0,3.3880518355636706,1
27,1585.7671521954112,29,1,1.6358576715219542,0
38,122.217756647802,54,1,2.841222177566478,1
60,18.02370765033708,9,7,1.0001802370765032,0
45,14.864936573000314,10,3,1.0601486493657302,0
71,33.697254530441015,2,0,1.5003369725453044,0
66,1.5122081532274734,5,3,1.2800151220815323,0
52,41.03721289750944,22,2,1.7604103721289752,0
77,1432.149717341039,37,3,2.79432149717341,1
34,3179.455875688173,78,2,3.671794558756882,1
27,10.255858461693457,48,1,2.3801025585846167,0
27,110.47158425200188,42,1,2.14110471584252,0
68,18.20657477440544,69,1,4.040182065747745,1
24,12148.374887558148,65,1,3.1214837488755816,1
54,64.68749200445168,64,0,3.6406468749200447,1
60,2583.795018396252,10,1,1.5458379501839623,0
64,371.11303806506106,71,0,4.12371113038065,1
28,1712.5452127443275,44,1,2.2571254521274438,0
38,91.36361161472745,77,2,3.680913636116147,1
58,596.7389145414437,44,0,2.9259673891454145,1
24,149.39885190562018,1,1,0.4414939885190561,0
22,15099.287365542014,55,1,2.71099287365542,1
31,171.789495331831,64,2,3.0217178949533183,1
30,41.14694741598031,33,0,1.92041146947416,0
43,1008.4206371372244,58,3,2.950084206371372,1
50,9.875754194209367,20,2,1.640098757541942,0
78,8.52590803440956,24,0,2.520085259080344,1
60,6.612678347903134,25,3,1.960066126783479,0
50,855.4472984824578,22,2,1.7285544729848248,0
70,457.9960741896976,68,1,4.044579960741897,1
64,581.8391462997989,74,4,3.925818391462998,1
29,30133.84157562269,25,3,1.641338415756227,0
20,18200.66357204513,25,3,1.3420066357204512,0
72,52.42233849282766,8,3,1.5205242233849283,0
70,638.4767406490585,69,1,4.086384767406491,1
59,27.17785083704906,50,1,3.1002717785083704,1
31,496.0223376710218,61,1,2.98496022337671,1
40,6550.051942767528,3,1,0.9055005194276754,0
67,7827.705768570302,12,5,1.4982770576857032,0
26,24.06229050035491,72,1,3.320240622905003,1
62,149.8887958235653,54,2,3.241498887958236,1
20,3597.3628473746166,57,0,2.7159736284737463,1
38,143.58936204966787,13,1,1.2014358936204967,0
34,908.7520635754124,31,5,1.529087520635754,0
54,17944.753182013308,2,1,1.2594475318201332,0
48,643.7763182813253,60,4,3.046437763182813,1
50,18123.136545417143,36,5,2.221231365454172,0
19,79.02872630967687,42,3,1.8207902872630968,0
57,474.7775826127888,46,1,2.904747775826128,1
70,135.21510632987793,44,0,3.1613521510632987,1
66,54.79876940010613,28,5,2.0405479876940014,0
38,17.890498096663936,56,4,2.680178904980967,1
33,418.8030695797239,10,1,0.9841880306957972,0
53,6718.596634745741,57,2,3.2471859663474576,1
49,5.3286397320331895,55,2,3.0200532863973204,1
22,53.936979009850255,61,0,2.8805393697900983,1
74,90.6417232255638,69,6,3.760906417232256,1
77,3292.623916350865,18,1,2.2129262391635085,0
77,664.1597061478411,35,0,2.9466415970614785,1
29,56033.88009732639,19,0,1.900338800973264,0
57,13.85193043361341,14,1,1.6201385193043365,0
31,23.04070029331448,41,1,2.180230407002933,0
59,574.131217296951,34,2,2.3857413121729696,0
21,2102.3579463996266,57,3,2.4810235794639963,1
70,313.57369378299865,48,0,3.32313573693783,1
18,104842.79754042016,37,1,2.8084279754042014,1
33,614.5681746432476,57,2,2.7861456817464325,1
49,38.83220340575386,59,0,3.3403883220340576,1
42,30843.425392824563,18,2,1.7084342539282455,0
35,2056.4683383241854,62,0,3.200564683383242,1
57,204.2034842247082,61,2,3.422042034842247,1
24,12.826944227163246,9,0,0.8401282694422716,0
31,6378.438276590797,44,3,2.203784382765908,0
67,43.29575538761455,76,3,4.140432957553876,1
54,9587.136937707117,75,2,4.015871369377071,1
21,295.94522333376085,50,6,1.942959452233337,0
74,1371.5033449575471,14,0,2.0537150334495755,0
73,216.4436247707744,42,1,3.0621644362477074,1
38,240.382220364481,54,2,2.7624038222036447,1
27,60.22128170335532,22,4,1.1006022128170334,0
42,318.0103693948117,61,1,3.203180103693948,1
38,103.73740160308029,19,2,1.3610373740160309,0
66,3854.616742508344,30,4,2.2385461674250835,0
63,62.68179614483754,5,1,1.3806268179614485,0
32,539.5216990259157,70,1,3.3653952169902595,1
75,6379.429548979132,55,3,3.5237942954897914,1
26,1.7170069441555706,60,1,2.8400171700694417,1
24,712.7661055270996,59,3,2.607127661055271,1
36,987.8232937288968,38,4,1.9298782329372888,0
50,3513.5995369201423,11,2,1.3151359953692014,0
53,3321.8169228603147,38,1,2.5332181692286038,1
26,3671.036389155585,37,0,2.036710363891556,0
75,26.85148289675525,29,2,2.500268514828967,1
34,1975.204700435768,66,4,3.019752047004358,1
50,24.819493204089408,33,2,2.160248194932041,0
24,1351.8531799920293,52,0,2.5735185317999205,1
59,565.9549192555023,45,4,2.665659549192555,1
35,404.0325525071111,5,0,0.9040403255250712,0
79,73.92810218183467,54,4,3.420739281021819,1
41,59.59768169800132,1,1,0.7805959768169801,0
50,28.868183822548552,45,1,2.720288681838225,1
22,516.0412378966499,65,1,2.9651604123789665,1
73,129.78843788433187,54,1,3.541297884378843,1
64,2580.283463048826,21,2,1.985802834630488,0
51,276.4308787340165,77,1,4.02276430878734,1
50,15.478676061961874,55,0,3.20015478676062,1
34,77.82609140558665,69,3,3.2007782609140563,1
53,89.04931218302397,15,2,1.5008904931218303,0
25,408.1054155666962,71,4,3.024081054155667,1
71,974.743285156758,23,1,2.269747432851568,0
19,999.1659500073796,25,3,1.149991659500074,0
73,190.46978586610285,26,3,2.261904697858661,0
49,101.03574638578458,59,3,3.101010357463857,1
37,59.50542755874845,53,3,2.620595054275588,1
56,290.6567534486861,29,2,2.1229065675344865,0
24,3625.722365218841,23,0,1.4362572236521884,0
23,31.02095486091293,59,1,2.7403102095486087,1
24,211.5261792710029,68,2,3.04211526179271,1
32,146.6578368166206,59,2,2.841466578368166,1
69,385.4795422181968,2,1,1.383854795422182,0
40,2341.6987399926365,32,4,1.7834169873999264,0
79,1019.0896930481842,32,3,2.6301908969304817,1
20,143.21484965564514,50,1,2.3214321484965565,0
61,65884.2973377173,3,2,1.8388429733771732,0
66,339.9617752419468,17,2,1.8433996177524197,0
64,112.25370355033178,24,2,2.081122537035503,0
43,1095.3611636844191,42,3,2.310953611636844,0
55,1563.589272108277,26,2,1.995635892721083,0
59,7.750459398190243,74,3,3.900077504593981,1
75,136.63179403483903,46,4,3.0213663179403487,1
46,11968.038338236214,36,4,2.1596803833823626,0
66,194.7560627805124,69,1,4.001947560627805,1
25,31.357485156709632,40,2,1.9403135748515672,0
44,3798.352271989677,73,2,3.677983522719897,1
67,2.282735311822328,72,5,3.820022827353118,1
28,567.3648416123094,27,0,1.6456736484161232,0
63,883.1560739565845,45,2,2.908831560739566,1
68,452.4544573051608,14,2,1.7645245445730515,0
69,287.9856797483091,17,5,1.6628798567974834,0
24,0.8672530281335219,2,1,0.4800086725302813,0
54,2437.9014680727337,1,2,0.9843790146807276,0
71,1681.2246319158874,4,0,1.5968122463191587,0
59,1472.9515913841312,32,2,2.314729515913841,0
64,254.0928832699894,75,1,4.2025409288327,1
57,452.4777717202233,26,1,2.1045247777172023,0
20,1601.7357996153148,77,0,3.4960173579961533,1
20,55.09559851584793,32,1,1.6005509559851585,0
39,2191.6488210229136,45,2,2.441916488210229,0
38,106.72167438505714,31,1,1.9210672167438505,0
18,877.2146711623176,57,1,2.568772146711624,1
21,11566.179489327264,22,1,1.3356617948932723,0
70,12.80230901795375,45,0,3.20012802309018,1
28,323.3058134246298,22,2,1.2832330581342466,0
20,760.7169387408683,17,5,0.6876071693874087,0
55,920.210112161212,74,2,3.909202101121612,1
38,119.7443042376245,77,1,3.761197443042376,1
44,1088.9569128572273,1,5,0.5308895691285723,0
72,887.4824292577345,13,3,1.728874824292577,0
29,14030.074325922658,48,1,2.5603007432592264,1
59,144.93929468523865,1,1,1.1414493929468523,0
27,1402.2905336467516,31,3,1.5540229053364676,0
73,88.36708326060453,76,2,4.340883670832606,1
24,185968.56400730347,48,2,4.099685640073035,1
55,22.348303255067183,27,0,2.18022348303255,0
78,12779.070105266695,72,2,4.407790701052667,1
72,2940.978605746581,5,2,1.5094097860574658,0
59,271.3783751777069,13,1,1.6227137837517769,0
68,3229.617642494944,44,2,2.9922961764249494,1
37,26377.20602273735,63,0,3.523772060227373,1
20,20.04791561840817,34,1,1.6802004791561842,0
18,44172.90890963987,3,1,0.8417290890963987,0
67,40.84494652754243,38,1,2.780408449465275,1
27,6790.487436897588,54,1,2.687904874368976,1
23,22.30461876314571,12,2,0.7802230461876315,0
79,218.7167177754924,72,2,4.302187167177754,1
76,206.44759082638708,73,1,4.362064475908264,1
75,3941.5172394123697,12,3,1.7794151723941234,0
40,737.9838257045589,75,0,3.8073798382570456,1
51,252.5787926077537,3,1,1.0625257879260777,0
53,2313.461802924253,59,3,3.2031346180292424,1
71,2290.895857886568,15,0,2.042908958578866,0
63,50.6316212197729,5,2,1.3005063162121977,0
76,1.8529722573388792,63,9,3.320018529722573,1
31,133.53711618324414,20,2,1.2613353711618325,0
51,15.769815971588404,8,1,1.2601576981597158,0
70,17905.73325083915,39,3,2.8990573325083915,1
24,63.70010884440994,14,1,0.9606370010884444,0
61,5979.890752964618,74,0,4.239798907529647,1
56,426.1392727003252,53,2,3.0842613927270035,1
41,1046.2261392827274,76,3,3.630462261392827,1
46,70.57546826404109,15,5,1.1207057546826404,0
60,955.010965904338,69,2,3.8095501096590434,1
78,32.83361041739812,37,1,2.960328336104174,1
39,67.16889674107308,57,2,2.900671688967411,1
67,5813.623287536072,66,1,3.958136232875361,1
37,991.7671322269928,8,2,0.90991767132227,0
74,160.33000778762874,45,1,3.2016033000778763,1
59,49.86627613392743,61,1,3.540498662761339,1
69,3100.7321688531283,13,1,1.8510073216885317,0
68,29.476810797515668,45,1,3.0802947681079758,1
34,235.3727149229088,42,3,2.122353727149229,0
27,393.6773352268296,27,2,1.4639367733522686,0
22,270.6500297329993,64,2,2.84270650029733,1
71,212.7472734319296,34,3,2.542127472734319,1
58,124710.19031467054,73,3,5.087101903146705,1
37,189.56412491920275,38,1,2.181895641249192,0
66,641.1227571657391,5,2,1.3664112275716576,0
55,38.69136115276552,55,2,3.140386913611528,1
76,63266.52759245048,69,2,4.752665275924505,1
55,55.90533108292853,69,2,3.7005590533108297,1
22,50347.51172071645,62,2,3.2634751172071645,1
71,140.5061105676574,22,2,2.1414050611056763,0
42,1024.1694941075862,75,2,3.690241694941076,1
31,249.91015280052355,51,4,2.342499101528005,0
26,206.33797423870465,65,2,2.962063379742387,1
63,555.1866455418743,59,1,3.545551866455418,1
20,1954.747153751852,61,1,2.7795474715375184,1
27,819.8023989273354,75,4,3.2281980239892736,1
26,8027.402204503248,39,3,1.9202740220450327,0
65,188.50987484554665,54,1,3.381885098748456,1
40,721.6345248568871,37,1,2.2072163452485687,0
29,246.91752389388023,39,3,1.9024691752389389,0
43,71.75027813882056,35,1,2.180717502781388,0
75,12.38997695912134,54,2,3.500123899769591,1
49,95850.54804697816,23,4,2.538505480469782,1
43,7.394268137828088,60,0,3.260073942681378,1
20,5455.860111489979,35,2,1.6945586011149,0
45,2689.7670508016217,75,0,3.926897670508016,1
60,147927.06350223467,31,3,3.6792706350223465,1
72,161.32181040450888,68,2,4.001613218104045,1
41,1354.3394375540245,22,0,1.7135433943755405,0
30,7.067689371443331,5,3,0.5600706768937145,0
20,89.1176630528144,68,1,3.040891176630528,1
39,842.9282008187215,22,2,1.5084292820081873,0
30,29.914957810680697,42,1,2.2002991495781066,0
72,151.80961912384151,53,1,3.4815180961912384,1
50,72.37548510566407,3,1,1.0407237548510566,0
79,16410.823488402497,23,2,2.504108234884025,1
43,334.4891396070418,64,3,3.1833448913960707,1
78,8235.802850351205,39,1,3.122358028503512,1
32,116.14779998537622,11,1,1.0011614779998537,0
70,880.2880485437174,23,2,2.1688028804854373,0
76,42.87772409515711,20,5,1.9204287772409516,0
29,37.43499595807325,41,4,1.9003743499595809,0
73,245.0799814003634,63,2,3.8224507998140034,1
21,9351.8807375482,10,1,0.833518807375482,0
70,10.387277631572376,51,4,3.120103872776316,1
48,297.6753110472272,55,4,2.8429767531104724,1
51,436.3206598402687,17,3,1.4643632065984027,0
24,34.61044951549827,43,2,2.0403461044951547,0
72,137.87389542735392,13,2,1.8013787389542737,0
35,360.5914271577376,37,3,1.9436059142715776,0
38,392.2899290511489,74,2,3.563922899290511,1
54,1273.6013467870164,61,2,3.37273601346787,1
63,4299.5302334057415,59,2,3.502995302334057,1
39,533.8774338080124,34,4,1.8253387743380804,0
74,105380.8885111378,13,2,2.893808885111378,1
48,5.569395367654176,73,0,3.880055693953676,1
24,20.876266374249575,41,2,1.9602087626637428,0
23,228.7303035328933,40,0,2.062287303035329,0
68,54.85369007129152,49,0,3.320548536900713,1
63,1275.0367018738527,6,0,1.5127503670187386,0
69,8.274145755743875,36,4,2.500082741457558,1
75,26601.67903330995,62,3,4.006016790333099,1
28,7.303661592560919,75,1,3.4800730366159254,1
61,38.08829090841055,39,1,2.700380882909084,1
77,448.84249496600137,1,1,1.50448842494966,0
52,475.7956287128558,77,2,3.964757956287128,1
50,44.53185180232948,42,2,2.520445318518023,1
29,41787.00460027805,64,1,3.4778700460027805,1
56,498.4962397783347,30,2,2.1649849623977837,0
41,77.29328624398231,79,3,3.74077293286244,1
30,272.73638683542754,22,2,1.3227273638683543,0
24,27633.79749073295,8,2,0.9163379749073296,0
29,4.558680408468568,32,0,1.8600455868040848,0
57,21.50771688790552,51,0,3.1802150771688797,1
33,1015.8398135899284,47,3,2.3101583981359,0
71,25479.5261058718,8,2,1.8347952610587184,0
29,169.4997848800159,27,1,1.5816949978488002,0
32,22243.562010698988,31,4,1.78243562010699,0
75,119.87743008117198,72,2,4.221198774300811,1
64,23.867179546110144,41,0,2.9202386717954614,1
29,4118.490452434453,36,3,1.821184904524344,0
30,590.0973184852438,30,0,1.8059009731848523,0
60,456.0365384787275,7,1,1.4045603653847871,0
53,17239.8339989056,11,0,1.672398339989056,0
43,570.6789648279483,77,3,3.70570678964828,1
78,2066.9529213910923,58,2,3.7406695292139114,1
72,8888.605388310065,75,4,4.2088860538831,1
57,547.7057903605328,37,4,2.3054770579036057,0
29,49.80369472081672,66,4,2.900498036947208,1
36,4867.236358604199,74,1,3.6486723635860416,1
34,5991.931932224717,26,1,1.6999193193222473,0
65,4844.216262601532,44,2,2.9484421626260158,1
32,4327.267567889579,56,0,2.923272675678896,1
69,96.4392364163648,73,0,4.300964392364164,1
25,33.09187665875518,21,5,0.9403309187665876,0
31,259.3500996378317,39,1,2.1025935009963783,0
39,21865.15374987065,21,2,1.6786515374987063,0
21,10881.0899889867,34,2,1.728810899889867,0
79,44.84943738884459,63,1,4.0204484943738885,1
63,189.0626480882096,13,3,1.541890626480882,0
29,1403.3559049528667,55,2,2.6340335590495285,1
26,11430.26434346993,14,3,0.9543026434346992,0
42,36.31704450608663,25,2,1.6803631704450608,0
55,581.1657222181498,19,1,1.7858116572221816,0
59,87.01433825088748,29,4,2.020870143382509,0
76,1490.5101411308556,73,2,4.294905101411309,1
58,31.656513693439194,60,1,3.480316565136934,1
31,103835.04925574084,9,1,1.9383504925574084,0
64,140.13319114217282,31,2,2.3614013319114218,0
33,983.6403001609748,45,4,2.14983640300161,0
60,2536.205817540173,79,1,4.305362058175402,1
54,60874.30130606407,12,1,2.0887430130606406,0
34,539.5749778943666,47,2,2.405395749778944,0
67,1083.8864769663714,9,1,1.6308388647696637,0
19,3.545902989227505,41,1,1.9400354590298925,0
21,56386.53501495594,15,2,1.4238653501495595,0
59,936.7447387395524,27,5,1.869367447387396,0
70,72.57966302819017,21,0,2.240725796630282,0
35,808.3614881097818,5,0,0.9080836148810978,0
62,3123.646192218592,22,2,1.9912364619221856,0
53,1397.042727518023,9,2,1.2739704272751802,0
29,38.576496414270046,10,2,0.8203857649641426,0
23,86.97239075698616,52,3,2.30086972390757,0
26,28.59346458740632,44,2,2.120285934645874,0
34,21355.10975084971,2,1,0.8935510975084971,0
36,8825.01097586829,16,3,1.2082501097586829,0
73,198295.70688843756,10,2,3.682957068884375,1
26,224.0920664810076,13,2,0.8822409206648102,0
24,1058.2815943898067,74,1,3.370582815943898,1
54,262.87364134833933,6,1,1.2426287364134834,0
59,165.37030755388153,39,3,2.5016537030755384,1
25,34.501207643141456,78,3,3.380345012076432,1
35,1921.584987445116,21,1,1.4792158498744512,0
69,258.7221985646695,68,4,3.782587221985648,1
70,187.66244678996628,41,5,2.6418766244679,1
67,1795.0415829316948,44,2,2.957950415829317,1
43,280.9138319094838,22,2,1.5828091383190948,0
44,14.991700933574972,8,1,1.1201499170093356,0
73,81.89031839605968,64,2,3.8608189031839606,1
49,810.2003930710317,55,3,2.9481020039307104,1
36,53.137168513676215,14,2,1.1205313716851368,0
31,576.497302748552,44,0,2.385764973027485,0
38,73.15369001668519,42,1,2.3607315369001665,0
60,167.1994164572015,11,1,1.5616719941645718,0
21,414.3571368600946,48,1,2.2641435713686007,0
39,1028.6895452992476,46,0,2.6302868954529925,1
68,1850.2077581584651,63,3,3.658502077581585,1
49,85.60791006939671,62,3,3.220856079100693,1
57,287.07298273043995,15,0,1.7428707298273045,0
71,2715.511915552937,49,3,3.167155119155529,1
65,171.0096749510001,28,3,2.1817100967495104,0
21,60.84119912290004,7,1,0.6206084119912291,0
36,444.1599764410881,66,2,3.2044415997644107,1
62,1304.2857715140062,62,2,3.57304285771514,1
32,5077.434455106011,6,1,0.8507743445510602,0
41,25.422769416946448,79,2,3.8202542276941696,1
69,32.147379344516786,76,1,4.340321473793445,1
23,3237.878591465309,16,0,1.132378785914653,0
24,2763.8261820627945,74,1,3.387638261820628,1
40,74.27411906676778,76,3,3.6007427411906674,1
76,69.92026066132684,3,3,1.4006992026066134,0
24,208.5582245900529,41,2,1.962085582245901,0
40,131.49833197590766,12,5,0.881314983319759,0
39,2.519540816793939,10,2,1.020025195408168,0
39,52.60940429981527,40,1,2.3005260940429983,0
49,13167.922870158622,46,3,2.711679228701586,1
32,214.6319816513415,5,1,0.7621463198165134,0
39,459.70826299067454,27,5,1.4645970826299068,0
47,2137.5070791302524,39,3,2.2813750707913023,0
71,91.48227817759312,53,1,3.460914822781776,1
77,16112.076544298368,76,2,4.581120765442984,1
21,283.0302316638593,39,2,1.8228303023166388,0
23,2455.048831761258,27,1,1.4845504883176126,0
77,986.1395921520688,3,0,1.669861395921521,0
48,211.26975469554185,19,0,1.7221126975469554,0
48,66.06197705517836,78,3,3.840660619770552,1
60,11531.84803298,14,4,1.5553184803298,0
65,252.62371719029795,19,2,1.9025262371719032,0
54,3762.131011186147,54,4,2.9576213101118616,1
66,10402.80173692105,54,2,3.424028017369211,1
64,370.2409550255681,12,1,1.6837024095502555,0
27,5076.271411609075,10,0,0.9907627141160908,0
63,21.478011667596743,45,1,2.980214780116676,1
58,0.3619782744858552,5,4,1.0400036197827447,0
61,236.44188871006105,72,5,3.7023644188871008,1
49,10534.528712151054,72,6,3.4853452871215107,1
39,95492.53355350676,67,2,4.254925335535068,1
61,155.94892976791417,44,0,2.981559489297679,1
75,1.1606468520370743,76,3,4.30001160646852,1
29,2160.0496051387995,68,1,3.241600496051388,1
78,860.8659801413215,7,4,1.5286086598014132,0
31,483.347309437776,64,2,3.0248334730943776,1
61,578.8964746268391,39,1,2.7057889647462683,1
70,86.42718953900805,12,3,1.6408642718953903,0
79,14.484943680652655,64,1,4.060144849436806,1
57,422.1423469596138,79,3,4.064221423469596,1
50,23.981070343486795,22,1,1.800239810703435,0
55,200.26743409173665,67,2,3.6220026743409175,1
64,894.2676470694735,56,1,3.448942676470695,1
24,18232.762983794983,75,2,3.502327629837949,1
66,188.2191809323191,66,0,3.961882191809323,1
47,33.349001644108625,79,1,4.020333490016442,1
65,28832.16040027041,45,5,2.9883216040027043,1
63,5124.231772416014,75,3,4.07124231772416,1
45,965.5225343120364,65,3,3.2696552253431204,1
55,690.234608659149,47,2,2.826902346086592,1
42,482.5516738020383,58,2,3.00482551673802,1
52,105.7830614670496,18,2,1.6010578306146706,0
20,8.858027482416418,66,2,2.8800885802748244,1
46,514.2275408398912,18,1,1.565142275408399,0
49,52.0692234996822,56,4,2.900520692234997,1
75,328.9691014579703,11,1,1.8632896910145795,0
57,13798.80436374465,50,3,3.037988043637447,1
40,137.17666160425233,69,1,3.481371766616043,1
71,8670.234360562965,68,4,3.90670234360563,1
52,168.64447431616614,79,1,4.121686444743162,1
77,112.55099334854022,13,3,1.821125509933485,0
38,130.309917891379,66,1,3.321303099178914,1
69,1041.4525018041168,52,2,3.310414525018041,1
20,386.8217736063104,35,2,1.6438682177360633,0
73,233.98285766152307,25,2,2.3023398285766152,0
77,300.6274445848818,72,2,4.263006274445848,1
42,75809.51369917195,1,3,1.3980951369917196,0
69,6772.562649631984,76,3,4.24772562649632,1
50,22.91040499113344,21,1,1.7602291040499112,0
39,2849.773824616903,75,2,3.648497738246169,1
29,53.43163244407686,71,2,3.26053431632444,1
62,1031.4138537130725,13,2,1.610314138537131,0
52,411.4931080448029,57,3,3.084114931080448,1
78,4389.22293983445,35,2,2.8438922293983446,1
56,40.70572740842715,27,2,2.040407057274084,0
32,158.53354312475926,65,1,3.161585335431248,1
40,216.88896002694284,28,3,1.6821688896002696,0
58,53.95415650796614,19,1,1.84053954156508,0
73,1655.1533844195817,13,4,1.6765515338441956,0
45,2794.0129270911266,37,1,2.327940129270911,0
50,1.088782444932032,27,0,2.080010887824449,0
57,241.55097786322463,57,5,3.0224155097786327,1
71,148.0010844185999,65,1,3.9414800108441854,1
31,953.9040566268536,58,1,2.869539040566268,1
59,46.93012025200272,29,3,2.10046930120252,0
58,788.0922847826268,47,0,3.0478809228478263,1
21,7.210718905077184,30,5,1.2200721071890506,0
68,35.937338235315075,31,4,2.2803593733823537,0
28,108.67420938936225,49,2,2.361086742093893,0
60,26052.8866812302,57,1,3.660528866812302,1
50,6.931944739703719,54,4,2.8400693194473976,1
20,760.7203964963475,47,1,2.2076072039649635,0
49,12587.673046985265,34,2,2.3058767304698526,0
66,140.34140385169894,17,1,1.921403414038517,0
38,40.24591148268298,35,4,1.840402459114827,0
45,26.020798821523314,48,3,2.580260207988215,1
71,291.895226208449,24,0,2.3829189522620844,0
39,112709.15514613048,47,5,3.3870915514613054,1
41,409.47106571459005,56,2,2.904094710657146,1
36,6701.634184330991,20,2,1.42701634184331,0
56,30.82049002537321,26,0,2.1603082049002538,0
61,4419.955678125623,33,1,2.5041995567812565,1
74,30242.200240082075,42,3,3.2224220024008208,1
56,6.683478704744795,53,4,2.920066834787048,1
35,3581.5427757821785,27,1,1.7358154277578215,0
27,6128.261000286136,11,0,1.0412826100028614,0
72,54063.57835712872,30,1,3.100635783571287,1
61,102.9433768792068,32,0,2.5010294337687924,1
38,5235.937262327996,5,1,0.93235937262328,0
47,2287.239587624618,71,2,3.642872395876246,1
31,53.80663171240935,38,0,2.140538066317124,0
62,385.2531411085875,1,3,1.0438525314110858,0
36,39.5230626161944,58,4,2.720395230626162,1
67,666.1801411135461,66,3,3.7466618014111353,1
40,144.68600774247568,69,6,3.081446860077425,1
33,17.819801285686697,3,2,0.6201781980128569,0
67,148441.36184663762,4,1,2.9044136184663767,1
28,60.89370193231826,74,1,3.440608937019323,1
51,13.568557801492489,76,1,3.980135685578015,1
33,671114.7889558099,15,0,7.971147889558099,1
62,635.1179369694356,23,0,2.1663511793696943,0
57,130.11136648549035,78,3,4.021301113664855,1
31,912.7971573984194,67,6,2.829127971573984,1
76,31.02502956798452,1,1,1.4803102502956798,0
57,7.576670158080098,8,2,1.300075766701581,0
78,10833.390955306946,40,1,3.1883339095530694,1
45,521.7894005256477,16,0,1.5452178940052566,0
64,3206.669454631366,75,1,4.2320666945463135,1
64,224.99860122490688,23,3,1.962249986012249,0
60,1799.698390093211,27,8,1.657996983900932,0
26,4424.705136575308,13,2,0.9242470513657532,0
30,12299.166199118346,33,3,1.8029916619911837,0
69,20943.21700241519,73,2,4.349432170024151,1
77,271.13150824869734,71,7,3.822711315082487,1
75,2022.631039198479,12,0,2.0002263103919846,0
50,113.4471301190168,29,1,2.08113447130119,0
22,3069.6972574216256,79,2,3.470696972574216,1
43,12495.94114855409,4,1,1.0649594114855407,0
49,229.74665936819744,53,0,3.102297466593682,1
50,16066.23443741378,59,3,3.2806623443741376,1
69,664.1433147595142,78,2,4.346641433147595,1
45,31.935912459263047,20,0,1.7003193591245926,0
24,3048.7095063142706,40,2,1.9504870950631428,0
79,2797.4248143423924,43,0,3.327974248143424,1
69,7683.26652771667,2,3,1.296832665277167,0
55,49.11821833067695,8,3,1.1804911821833068,0
34,4363.822390236178,25,1,1.6436382239023617,0
60,414.4177778561127,50,1,3.124144177778561,1
34,115.1474672947063,7,1,0.8811514746729472,0
45,879.1569136567728,65,3,3.2687915691365674,1
64,1568.008155843641,35,2,2.5356800815584366,1
61,31.088379793369548,67,3,3.6603108837979335,1
77,606.1430686263674,30,3,2.5060614306862634,1
62,397.4283052733928,79,1,4.323974283052734,1
40,413.7002866790111,36,0,2.24413700286679,0
30,20.840241654414907,75,0,3.600208402416544,1
53,232.55906383941084,48,4,2.6623255906383942,1
43,191.7673325036162,51,1,2.821917673325036,1
49,1194.3673069113706,18,7,1.1519436730691135,0
27,450.2393796600644,10,2,0.7845023937966007,0
46,969.684790569328,12,1,1.3296968479056932,0
70,31.65384404896181,41,1,2.9603165384404897,1
44,258.7931043776414,7,2,1.0025879310437766,0
35,21.494200666058298,17,1,1.3002149420066609,0
73,878.3884170444287,36,2,2.748783884170444,1
63,3611.349093623796,40,3,2.656113490936238,1
44,12.298539861576351,36,1,2.2401229853986155,0
71,6375.511798878008,79,4,4.32375511798878,1
77,1566.0777056822935,14,1,2.035660777056823,0
37,1858.8820862590608,12,2,1.078588820862591,0
78,14.42997349147171,30,6,2.2801442997349146,0
42,857.8679768199537,47,1,2.6485786797682,1
77,788.1030705940974,62,1,3.9478810307059407,1
33,1.8486435725402783,78,2,3.620018486435725,1
49,1647.752549115965,14,0,1.5564775254911596,0
26,119.82756551344934,76,1,3.4811982756551343,1
24,3070.6665276667886,50,1,2.430706665276668,0
45,123.57281356195158,18,3,1.3812357281356196,0
37,2466.2668576656747,68,2,3.3246626685766567,1
73,482.9929932309287,34,1,2.744829929932309,1
35,115.4903045874838,47,0,2.581154903045875,1
48,783.1498741452665,20,2,1.6078314987414528,0
53,485.1475771367987,7,0,1.344851475771368,0
61,1518.1842987159555,13,0,1.7551818429871595,0
46,427.3858459546475,58,3,3.0042738584595465,1
45,864.6992019018768,73,0,3.828646992019019,1
56,11.60377878070342,3,2,1.0801160377878072,0
34,5828.560935543812,7,2,0.8582856093554382,0
20,3776.762184948157,35,0,1.8377676218494816,0
50,3648.808481154909,51,1,2.996488084811549,1
39,24941.49530687929,57,2,3.149414953068793,1
69,38.847656161838536,8,3,1.4603884765616186,0
49,1512.3295306894574,19,0,1.7551232953068947,0
51,15.034747649011754,66,1,3.58015034747649,1
51,2.91594137780705,60,1,3.3400291594137776,1
21,171630.67094251787,15,2,2.576306709425179,1
65,253.6250803385741,7,0,1.5825362508033858,0
41,1151.4595118330503,4,3,0.7515145951183306,0
26,19649.15743582867,70,1,3.436491574358287,1
18,161.82379129140702,69,4,2.801618237912914,1
64,2.1140651423235077,38,1,2.720021140651423,1
25,9744.932576101914,77,0,3.6774493257610192,1
66,109.19224436117892,33,4,2.321091922443612,0
65,31.32220075837553,16,0,1.940313222007584,0
26,1513.7349350435634,7,1,0.7351373493504357,0
33,3341.683720229978,12,1,1.0934168372023,0
60,147.76824033505318,17,5,1.4814776824033506,0
72,220.53395222277007,12,4,1.6022053395222275,0
59,464.7305455360931,17,4,1.5446473054553609,0
28,8.039371070061478,66,3,2.960080393710701,1
72,44.53415899139636,6,3,1.440445341589914,0
59,36.933299384381655,69,3,3.700369332993844,1
74,1034.5136584038762,34,2,2.690345136584039,1
65,44.97858987945884,25,1,2.2204497858987944,0
44,70.17311658193587,5,1,1.0007017311658193,0
30,3.484316567723951,42,2,2.1200348431656773,0
69,2204.6612040429814,6,1,1.56204661204043,0
26,237.0835948289788,51,2,2.4023708359482896,0
41,30.205699910646207,47,0,2.7003020569991065,1
71,19.65425406000757,18,2,1.9801965425406,0
77,2512.138219726732,70,2,4.205121382197268,1
72,19.576133585129487,33,1,2.680195761335851,1
38,108.53065311220892,33,1,2.001085306531122,0
54,944.5280207332232,48,2,2.849445280207332,1
62,109.60290530366542,19,1,1.9210960290530368,0
40,27.616891693570107,21,2,1.4802761689169357,0
19,9.4476695026039,21,3,0.980094476695026,0
79,148.69901501669463,12,3,1.821486990150167,0
58,4218.659945287312,8,1,1.442186599452873,0
42,2289.9996764071084,63,1,3.302899996764071,1
30,48.03579690589769,19,4,1.040480357969059,0
41,507.0971462191803,59,3,2.945070971462192,1
57,3542.174396260804,46,3,2.7754217439626085,1
58,60.975955694024506,61,1,3.5206097595569403,1
68,9169.045773630363,7,3,1.4916904577363037,0
29,154.93047585486326,72,2,3.301549304758548,1
38,806.7688551365128,66,0,3.408067688551365,1
35,62.839755523973366,55,0,2.90062839755524,1
41,315.1085113900825,30,1,1.9431510851139009,0
23,3612.0398599628047,64,1,2.976120398599628,1
79,5.525511712055997,32,2,2.70005525511712,1
75,7.022033778732226,40,2,2.9400702203377875,1
65,42.79792287944699,26,3,2.1004279792287948,0
53,203.53051662874643,34,1,2.3420353051662874,0
41,1.56006934622222,18,2,1.3800156006934623,0
56,516.5269814105758,30,3,2.085165269814106,0
62,176.71815473267424,54,1,3.321767181547327,1
58,1049.9521590974466,71,1,3.930499521590974,1
67,35.08377050669993,69,0,4.100350837705067,1
54,6.064067321953809,48,1,2.92006064067322,1
48,379.6851149455258,40,6,2.083796851149456,0
23,50.49894046571515,36,2,1.7405049894046571,0
74,17.434331486194807,50,3,3.240174343314861,1
44,5.648156209309931,15,2,1.3200564815620932,0
20,78.97923859693543,35,1,1.7207897923859694,0
42,11.773936988122202,29,3,1.7601177393698813,0
31,297.6554353387588,8,0,0.9429765543533876,0
18,333.36399104528954,71,0,3.203333639910453,1
69,5.649502456636305,9,0,1.7400564950245665,0
52,541.176310612761,61,4,3.165411763106128,1
64,13.42350717253436,65,2,3.7201342350717255,1
63,575.0108148284014,51,2,3.145750108148284,1
50,15397.903713500837,16,3,1.5539790371350082,0
71,322.65732579932705,5,2,1.4632265732579932,0
49,580.468841604712,62,2,3.305804688416047,1
41,128.0415565406854,34,2,2.021280415565407,0
27,6826.07476428718,14,2,1.008260747642872,0
51,651.3888393971413,6,1,1.1865138883939714,0
36,1855.1286812005385,61,1,3.0985512868120053,1
77,2696.431030632605,17,1,2.166964310306326,0
73,1711.556284767818,49,2,3.277115562847678,1
29,20076.992745206968,31,1,1.940769927452069,0
26,33669.689799946456,24,2,1.6566968979994647,0
23,35.53919813656898,37,1,1.8603553919813656,0
18,765.393155336553,55,3,2.3276539315533658,0
40,1.6360630614806329,13,3,1.080016360630615,0
74,228.5506416736704,78,1,4.522285506416736,1
37,251.7526588758096,66,3,3.142517526588758,1
74,5.636925574036085,13,2,1.8400563692557408,0
41,2.807941469136046,21,4,1.3400280794146913,0
37,1382.7069999836278,30,3,1.713827069999836,0
77,108.1311903402578,45,2,3.1810813119034025,1
32,12.737758026651298,31,4,1.5601273775802664,0
26,342.7011311371804,44,1,2.203427011311372,0
63,10687.445297741337,17,6,1.5668744529774132,0
74,157.20343096244127,78,5,4.201572034309624,1
47,47.27345245296439,47,2,2.6604727345245296,1
36,390.1978399895127,33,3,1.8039019783998955,0
76,2494.3196738182505,54,1,3.624943196738183,1
66,9162.932488265382,14,3,1.731629324882654,0
39,6506.033051248282,53,0,2.965060330512483,1
50,26.4965446375244,63,3,3.280264965446375,1
34,23.997508961437497,42,3,2.120239975089614,0
72,335.6837896867,14,1,1.9233568378968664,0
28,4.913172721449274,72,3,3.200049131727215,1
28,3341.4159795450582,25,1,1.513414159795451,0
20,6.901899869504484,52,0,2.480069018998696,0
52,408.2269721262846,64,4,3.2840822697212637,1
46,1629.392345040186,34,2,2.1362939234504017,0
29,100012.35834973534,42,1,3.1801235834973536,1
73,9.577946964526747,76,1,4.420095779469645,1
77,51.05544993259908,57,1,3.740510554499326,1
32,47402.20264679676,39,2,2.514022026467968,1
53,349.1356823149279,73,3,3.743491356823149,1
18,409.9038568221453,72,4,2.924099038568221,1
42,1104.358054275193,45,3,2.411043580542752,0
45,73.41877231981418,15,2,1.3407341877231982,0
60,36281.962763809446,63,5,3.682819627638095,1
79,10855.779069609003,45,3,3.24855779069609,1
46,22.156758598798035,13,1,1.360221567585988,0
59,66.2710810173093,29,3,2.100662710810173,0
23,12.19886657473447,39,1,1.9401219886657477,0
25,839.8738290292648,34,0,1.868398738290293,0
67,0.9750872414689156,55,1,3.460009750872415,1
52,642.4300765422989,34,1,2.326424300765423,0
20,28.805932750185963,66,3,2.800288059327502,1
33,671.2045119828351,49,3,2.386712045119828,0
65,9918.043693361384,39,5,2.5591804369336137,1
30,476.3054820845976,22,4,1.164763054820846,0
28,69.6936899991314,20,4,1.0406969368999912,0
32,17.38615766560124,63,3,2.9201738615766564,1
58,160991.4130821081,4,0,2.929914130821081,1
43,55.84158906822292,53,3,2.740558415890682,1
61,9.248538237529658,18,1,1.8600924853823757,0
68,454.8241594891377,19,2,1.964548241594892,0
34,116.30741896020176,31,1,1.841163074189602,0
29,65022.99595502788,18,3,1.7102299595502788,0
41,30.67039000270276,50,1,2.740306703900027,1
38,40425.39338174184,39,1,2.6442539338174185,1
31,85.00365315625244,6,1,0.7808500365315626,0
46,169.77447986128317,30,3,1.8816977447986127,0
33,105.64211531425816,12,3,0.9010564211531424,0
24,1507.933793487044,68,3,2.9750793379348703,1
46,5038.383160682699,12,2,1.290383831606827,0
63,22975.925613350828,47,2,3.209759256133508,1
45,15.93658627397537,43,1,2.54015936586274,1
51,1402.0490638089127,25,2,1.8740204906380893,0
25,2651.4125488340483,56,1,2.6865141254883405,1
50,74.2675947794238,27,5,1.6807426759477946,0
20,39460.17135982954,56,2,2.8746017135982957,1
63,883.218187263651,59,3,3.388832181872636,1
70,7.44152382415438,62,1,3.8000744152382415,1
41,816.9462787224111,50,2,2.668169462787224,1
25,15.558044831436352,42,0,2.1801555804483144,0
65,13128.82905186129,22,1,2.231288290518613,0
70,10.220461465650462,43,4,2.800102204614657,1
45,22.970589588563666,68,2,3.4602297058958857,1
78,2800.937248208641,63,2,3.948009372482087,1
57,85.35270825787791,55,1,3.260853527082579,1
31,162.54612393913638,42,1,2.221625461239391,0
69,11.466494486548925,21,2,2.0601146649448654,0
37,3841.506667619536,23,6,1.2184150666761957,0
68,188.53728003863543,50,3,3.121885372800386,1
53,114.3983692082433,45,1,2.7811439836920826,1
60,30.57039289429781,4,1,1.2803057039289427,0
72,163926.04597287386,28,2,4.039260459728739,1
62,124.4024889934698,7,1,1.4412440248899347,0
45,385.8434749440023,28,0,2.02385843474944,0
41,758.5437687115015,73,5,3.347585437687115,1
62,644.4892169750162,18,2,1.8064448921697505,0
35,17.788169151446535,78,4,3.500177881691515,1
35,94.92087182180764,14,1,1.1809492087182183,0
53,1087.0875778717964,69,1,3.750870875778718,1
27,1336.709089328671,21,3,1.1533670908932867,0
75,61.43585354279308,9,2,1.700614358535428,0
43,12905.158592882552,76,3,3.789051585928825,1
64,342.14638788247225,14,1,1.7634214638788248,0
51,5449.95050311974,76,0,4.114499505031198,1
60,92.84236175093412,47,1,3.000928423617509,1
49,1767.9478041635134,28,0,2.1176794780416355,0
35,28.272439883088317,22,2,1.4202827243988312,0
18,5.849985129878669,25,4,1.0400584998512987,0
27,118.38980029838976,58,3,2.621183898002984,1
39,4495.445695622664,27,3,1.664954456956227,0
36,1265.5511578358903,51,1,2.6926555115783586,1
20,2818.71830796068,40,1,1.948187183079607,0
42,44.64576248274536,45,1,2.560446457624828,1
61,2580.606207168353,51,1,3.205806062071684,1
27,1984.095405822265,6,1,0.7198409540582227,0
76,628.9147680312573,68,2,4.086289147680313,1
19,32.03023557558949,9,0,0.7403203023557559,0
46,152.27570615438145,74,1,3.801522757061544,1
22,3707.262118962505,6,2,0.557072621189625,0
47,41.69317445369156,55,0,3.140416931744537,1
50,18708.561809951483,25,4,1.8670856180995148,0
61,47.6975637751241,8,3,1.3004769756377512,0
77,103.08940719417184,36,1,2.9010308940719414,1
30,619.62360650795,40,2,2.04619623606508,0
30,27.478934153788877,38,1,2.040274789341538,0
79,206.5993527140725,42,3,3.022065993527141,1
71,3356.514158893948,24,3,2.17356514158894,0
67,2051.1078639158186,67,2,3.880511078639159,1
76,525.9155032628217,32,2,2.645259155032628,1
58,11263.995088110309,55,1,3.392639950881103,1
67,663.886210021261,12,6,1.3466388621002128,0
60,204.07246557751003,78,1,4.242040724655775,1
76,520.788974571466,65,1,4.045207889745715,1
30,12.167318384026004,14,1,1.0801216731838403,0
72,213.0313014291327,63,2,3.802130313014291,1
69,709.2564356326526,61,0,3.8270925643563274,1
57,452.29395404548296,72,3,3.784522939540455,1
35,164.00603629802438,57,0,2.9816400603629805,1
22,79.39689248952668,12,2,0.7607939689248951,0
34,212.88473766532613,60,1,3.002128847376653,1
53,241.26017749702115,57,1,3.2624126017749706,1
41,6986.664150438601,68,5,3.2098666415043864,1
54,229.1090355371626,18,5,1.4022910903553716,0
30,13608.549158585,77,2,3.65608549158585,1
44,740.4636178406148,40,1,2.407404636178406,0
32,74.07830208334303,12,2,0.9607407830208337,0
71,51461.85713596127,78,5,4.654618571359612,1
69,40.40536696005498,43,4,2.7804040536696006,1
42,7.890270858742991,72,2,3.5600789027085877,1
19,685.7698077657273,39,3,1.7068576980776573,0
63,57.882360028093146,29,2,2.2605788236002806,0
18,466.0184318435342,39,1,1.8446601843184356,0
52,126.2169920360854,40,0,2.6412621699203607,1
51,3509.025336332993,12,4,1.21509025336333,0
79,64.6933782256499,60,0,3.980646933782257,1
19,22.454490267383093,5,1,0.5002245449026739,0
42,177.9930452363439,40,3,2.2017799304523638,0
63,815.6570978923174,40,3,2.6281565709789234,1
60,33.31597330285807,42,1,2.8003331597330283,1
54,1826.758792848024,48,3,2.77826758792848,1
56,671.1324289298714,23,1,1.9667113242892984,0
31,1714.6915742773558,58,0,2.957146915742773,1
27,1680.6142729876262,30,1,1.6768061427298762,0
40,3782.0065820152768,10,3,0.9978200658201528,0
27,2168.584974111176,72,2,3.281685849741112,1
76,4036.9071510730537,54,1,3.6403690715107295,1
32,58.57615780784042,62,2,2.9605857615780784,1
20,5644.791248092198,6,0,0.696447912480922,0
66,7296.062455502413,5,3,1.352960624555024,0
18,400.06203510549335,16,1,0.924000620351055,0
40,3427.1011010337843,19,1,1.514271011010338,0
56,13714.995893241872,13,1,1.6971499589324188,0
26,508.3585008268839,22,3,1.1650835850082688,0
54,800.1421707436659,77,1,4.088001421707437,1
41,123.54270093817031,79,0,3.981235427009382,1
41,291.2986854576029,9,3,0.9429129868545764,0
21,1889.267155838028,31,1,1.5988926715583802,0
75,14508.56533149332,31,3,2.6450856533149327,1
69,180.7583826971672,76,2,4.261807583826972,1
60,3.7659421481138913,69,2,3.800037659421481,1
48,5174.48064912609,35,4,2.091744806491261,0
49,432.8372070671964,1,1,0.944328372070672,0
21,41.01294476127089,76,1,3.3804101294476125,1
71,986.0558496842606,1,2,1.3098605584968426,0
47,21.327159481182115,60,2,3.180213271594812,1
28,77218.08581272549,26,0,2.372180858127255,0
33,29.68837511618478,2,0,0.7402968837511619,0
30,254.34121148531963,67,1,3.2025434121148533,1
35,38.96521750946125,20,2,1.3403896521750946,0
37,92.0223388895932,9,4,0.7809202233888959,0
59,657.513156203637,62,3,3.4265751315620365,1
24,3515.5969186319235,78,1,3.5551559691863197,1
31,51499.44733812567,9,5,1.0949944733812569,0
37,29.414795577556305,31,2,1.8202941479557757,0
78,353.8299448902822,62,3,3.803538299448903,1
75,46.240220065315725,78,3,4.380462402200653,1
28,680.6761163537341,15,1,1.0868067611635372,0
76,10274.955110598676,47,3,3.262749551105987,1
19,226.0825507687491,39,1,1.862260825507688,0
44,438.49115033017335,68,3,3.364384911503301,1
42,106.9347542826464,56,3,2.8410693475428266,1
61,987.4456342418456,75,1,4.149874456342419,1
24,109.67475349922644,77,1,3.481096747534992,1
58,168.49035074192935,18,3,1.6416849035074192,0
67,30899.865140089085,29,3,2.568998651400891,1
50,2774.489487267508,28,4,1.8277448948726749,0
62,437.9751052842518,61,3,3.4443797510528427,1
74,2450.176625722802,70,3,4.064501766257228,1
57,174.4957691847912,19,3,1.6617449576918482,0
24,420.0397216837232,72,1,3.284200397216837,1
76,255.41239528130768,77,0,4.602554123952813,1
45,69.00398789431868,64,2,3.300690039878943,1
40,265.856400048622,1,2,0.6826585640004863,0
21,32.44981823015893,63,2,2.780324498182301,1
79,862.1405906073971,53,1,3.628621405906074,1
55,50.18931821292794,67,3,3.540501893182129,1
44,29.37886623270317,5,2,0.9202937886623268,0
34,116.7581149783215,57,2,2.801167581149784,1
54,35.44663894360244,65,0,3.680354466389436,1
44,89.80547361807479,25,4,1.5608980547361806,0
39,690.049176294611,10,2,1.0269004917629465,0
51,9.53671698370278,52,4,2.7800953671698374,1
64,615.4447837073627,56,2,3.366154447837074,1
24,155.35618312194,69,6,2.7615535618312195,1
71,1883.5881848197148,17,2,1.958835881848197,0
19,3705.269558811456,48,4,2.0170526955881147,0
70,72.22859433292106,13,2,1.7607222859433294,0
58,776.9677621359294,76,2,4.047769677621359,1
41,1647.9066906377673,74,1,3.716479066906378,1
42,7858.49854734148,34,2,2.1185849854734147,0
38,166.8008727993649,64,0,3.3216680087279937,1
40,191.8974307060304,52,6,2.4019189743070606,0
24,189.67028678590975,74,2,3.2818967028678587,1
63,1424.268505852525,34,1,2.5542426850585254,1
46,266.9081898320085,6,0,1.16266908189832,0
65,118.69517186404217,29,2,2.3011869517186403,0
22,5922.830537110476,34,2,1.6992283053711048,0
26,198.4544399989463,74,3,3.241984544399989,1
72,145.0338186360343,17,1,2.0414503381863605,0
50,10659.28233139375,32,3,2.146592823313937,0
61,391.8973240781926,32,1,2.4239189732407818,0
47,2128.9543000945746,12,3,1.2012895430009458,0
24,30.209973322113623,26,2,1.3603020997332214,0
76,3.935991164789809,28,0,2.640039359911648,1
61,3108.664391956574,28,0,2.3710866439195657,0
53,4739.683712948844,15,6,1.2273968371294883,0
19,28512.01778837073,46,0,2.505120177883708,1
19,19669.655057618453,14,2,0.9766965505761844,0
67,16504.33958713291,34,4,2.5450433958713297,1
34,37087.93687307282,79,0,4.210879368730728,1
19,577.3537334020601,74,1,3.2657735373340206,1
54,3.5055849711295286,60,3,3.2400350558497117,1
29,38496.045028545166,31,0,2.2049604502854514,0
24,758.432312751356,60,2,2.7275843231275134,1
21,2202.3608353021336,23,4,1.0420236083530214,0
54,1946.142654924468,39,4,2.3394614265492453,0
41,3575.686750511856,21,3,1.455756867505119,0
29,8822.668624988126,72,1,3.468226686249881,1
73,49682.76943916207,10,2,2.1968276943916205,0
34,41.230990767979534,23,1,1.5204123099076798,0
36,3707.731238424227,53,2,2.717077312384242,1
50,62.09550639859924,25,3,1.7606209550639855,0
54,84404.89644443919,77,2,4.844048964444392,1
60,982.2534067369456,59,4,3.249822534067369,1
40,213.58013254508387,77,2,3.722135801325451,1
31,32.532831721317564,61,3,2.820325328317213,1
54,2798.432581480909,75,1,4.027984325814809,1
33,20088.68883441896,35,2,2.1008868883441894,0
56,161.2665222036895,77,2,4.041612665222037,1
62,722.0744539973704,12,1,1.6472207445399736,0
63,60.98161791170168,53,1,3.300609816179117,1
60,1.5219197430223963,61,2,3.48001521919743,1
57,632.930676882148,53,0,3.2663293067688217,1
28,835.1135077568279,40,2,2.008351135077568,0
56,1766.8280879904798,70,4,3.6176682808799057,1
33,1083.779526827727,54,3,2.590837795268277,1
72,3128.6239629110405,75,2,4.31128623962911,1
65,366.2002855111542,78,0,4.423662002855112,1
57,39.607107151553215,71,1,3.900396071071516,1
73,23.605784279863204,17,1,2.0602360578427987,0
45,102.60393343035226,42,1,2.501026039334304,1
36,2371.1744989114227,54,2,2.743711744989114,1
31,57.07166870355108,79,2,3.620570716687036,1
68,584.4875431478472,45,3,2.925844875431478,1
37,5762.273976811361,16,2,1.2776227397681137,0
71,108.81238291934793,26,2,2.301088123829193,0
31,181.76786272853693,66,7,2.7018176786272856,1
27,13.609576155865668,58,3,2.6201360957615583,1
75,1177.2859522744177,34,4,2.5517728595227447,1
61,17.01132340303668,12,0,1.7001701132340303,0
67,160.582069344292,72,2,4.061605820693442,1
63,117.11984373158806,22,2,1.981171198437316,0
18,51846.2825684233,64,3,3.198462825684233,1
63,954.2062616121082,20,2,1.9095420626161212,0
28,2147.705195886159,38,2,1.9414770519588616,0
57,705.7411249096474,54,3,3.0670574112490963,1
31,27.9885025911618,34,3,1.7402798850259116,0
26,73.88645828428908,72,1,3.3207388645828426,1
52,140.96577983213447,16,2,1.5214096577983216,0
66,4619.857606987009,42,0,3.04619857606987,1
18,156.44042049708435,59,5,2.321564404204971,0
27,253.49523551481352,16,2,1.022534952355148,0
61,62.82291333914625,49,3,2.940628229133392,1
49,293.8519619510695,47,1,2.7829385196195107,1
37,6048.880496956404,17,4,1.160488804969564,0
43,5938.273131916594,12,2,1.239382731319166,0
20,1365.520734631608,11,1,0.7736552073463162,0
43,1158.827017603949,22,2,1.5915882701760395,0
40,2909.193864666283,13,6,0.8690919386466629,0
27,4559.152804449509,16,2,1.0655915280444952,0
25,157.4170063436411,14,3,0.8215741700634365,0
60,16.145005650326727,22,4,1.760161450056503,0
72,794.7676071184069,30,1,2.567947676071184,1
75,132.68460281850147,2,1,1.501326846028185,0
75,1790.492037074905,61,0,3.957904920370749,1
71,35516.11964006011,62,2,4.095161196400601,1
38,4458.1954156297015,78,4,3.604581954156297,1
59,531547.2483946544,25,1,7.415472483946544,1
47,1012.743304792284,28,1,1.990127433047923,0
46,227.83955482222828,79,2,3.922278395548222,1
29,661766.2453540564,38,0,8.717662453540564,1
77,6949.512791504826,27,2,2.529495127915048,1
73,601.8814387222953,11,3,1.6660188143872228,0
56,352.9554474922964,74,3,3.843529554474923,1
62,4943.685778840599,9,0,1.6494368577884058,0
37,354.8200857365404,67,1,3.3435482008573656,1
21,1216.4370438582832,28,3,1.3121643704385828,0
46,9580.629672893274,52,2,2.9358062967289325,1
69,191.4056725530052,11,1,1.74191405672553,0
75,2.336531429311739,15,6,1.6200233653142933,0
33,39.38885343253546,42,3,2.1003938885343256,0
25,25.014451150681047,71,2,3.180250144511507,1
47,9.782958450077055,39,3,2.2600978295845007,0
43,34.89983351113209,26,3,1.6603489983351114,0
51,1543.1799840159888,42,2,2.55543179984016,1
55,1559.623504530317,30,0,2.3155962350453034,0
61,251.2719784648813,33,1,2.462512719784649,0
66,166.20656675828042,19,5,1.6816620656675831,0
77,722.4503767260787,27,2,2.4672245037672607,0
28,37.98988485593325,45,2,2.2003798988485594,0
75,3.135156927188048,14,1,1.980031351569272,0
69,1611.4875777447637,16,2,1.876114875777448,0
52,7617.887386370078,42,4,2.476178873863701,0
63,6254.97235729948,64,3,3.642549723572995,1
26,66.44059393320244,42,3,1.960664405939332,0
51,59.9615527994878,22,3,1.660599615527995,0
35,674.6358270934147,79,2,3.706746358270934,1
58,960.554954621485,43,2,2.7296055495462146,1
57,55624.98766324153,79,2,4.696249876632415,1
79,22.28207640331606,44,1,3.2602228207640334,1
30,385.5758988093394,54,2,2.603855758988093,1
61,453.3279406878744,10,3,1.3845332794068783,0
61,2.321551201662831,22,4,1.7800232155120164,0
37,2449.9057266828618,44,2,2.3644990572668285,0
77,7688.322049161391,2,2,1.536883220491614,0
79,2174.3707448315367,30,2,2.641743707448315,1
56,294.1777984688213,25,3,1.882941777984688,0
32,1506.470721000292,65,2,3.095064707210003,1
39,13213.620006166911,58,0,3.232136200061669,1
65,4015.0641224700894,17,2,1.860150641224701,0
64,2276.730547152048,69,3,3.8227673054715208,1
69,123.5137156613369,32,0,2.6612351371566136,1
53,2058.9504167691853,79,2,4.080589504167692,1
42,2721.5085688028207,79,1,3.947215085688028,1
52,2.091928404084527,17,2,1.5600209192840409,0
18,2031.957497176591,65,0,2.980319574971766,1
78,192.43000404836516,78,4,4.361924300040483,1
40,298.3774164226771,52,2,2.7229837741642267,1
45,290.31872055823413,43,3,2.3829031872055824,0
50,434.5517549198227,45,1,2.724345517549198,1
18,249.67904543483743,29,2,1.3624967904543483,0
64,1013.039731060693,72,4,3.850130397310607,1
63,6381.6073864688215,40,2,2.763816073864688,1
26,2801.92789915578,76,2,3.428019278991558,1
46,18352.71292803473,40,3,2.463527129280348,0
27,31.670040083930008,65,2,2.9803167004008397,1
59,99.48030847261836,30,2,2.220994803084726,0
56,312.1443567479001,63,1,3.563121443567479,1
68,1995.4324319586867,22,2,2.0999543243195866,0
53,4836.638721334864,33,3,2.1883663872133488,0
75,91.97343986745544,30,2,2.5409197343986745,1
66,131.76890739834877,73,2,4.081317689073983,1
23,59.612890804092615,56,0,2.700596128908041,1
54,113.5099853572076,11,2,1.3611350998535725,0
60,10.94150051679699,25,2,2.040109415005168,0
29,51.80865448034343,70,0,3.380518086544804,1
47,1.2955353182255835,9,3,1.0600129553531823,0
30,50.90667421136927,67,2,3.120509066742114,1
49,426.0616730755137,49,2,2.784260616730755,1
48,1007.4772613263784,48,3,2.650074772613264,1
24,925.8405307464934,50,2,2.3292584053074648,0
73,35.094824966576184,73,0,4.380350948249665,1
74,2088.347016185386,22,4,2.060883470161854,0
74,110.72641417852084,23,2,2.2411072641417853,0
61,11127.594270442194,14,5,1.491275942704422,0
27,8009.502357321371,60,2,2.860095023573213,1
45,9.38659940867963,73,2,3.6600938659940874,1
47,0.7337948922618313,48,3,2.6200073379489224,1
35,22143.091147482457,52,1,2.9214309114748245,1
70,86.40482347365104,6,2,1.4808640482347366,0
48,834.9788619714755,47,1,2.768349788619715,1
64,55.214506041491525,48,3,2.960552145060415,1
53,129.61261893028706,13,2,1.4212961261893031,0
64,103.1838395005705,33,4,2.281031838395006,0
65,649.8301470747052,35,3,2.466498301470748,0
36,8641.69218065455,30,1,1.9264169218065452,0
36,65.31514935035177,19,1,1.4006531514935034,0
36,1180.0251716813411,37,5,1.8118002517168132,0
36,17.905260077362176,16,1,1.2801790526007737,0
78,79.38541495567424,11,2,1.8407938541495568,0
63,131.24771580195744,32,0,2.54131247715802,1
46,2344.1101904440534,17,2,1.4634411019044409,0
36,15.367355813315092,10,4,0.8001536735581329,0
37,8794.431444426931,8,1,1.0679443144442693,0
38,1.2578104623817847,49,1,2.640012578104624,1
48,15.958957357964808,36,1,2.32015958957358,0
22,9678.872349939284,69,1,3.216788723499393,1
27,143.75197578113813,66,1,3.101437519757812,1
70,3960.444986113771,6,1,1.5996044498611377,0
51,2507.3718661374983,15,3,1.4050737186613749,0
51,1471.9303275549378,45,1,2.7547193032755493,1
79,56356.7499849692,6,2,2.2235674998496924,0
55,392.2432362546645,67,4,3.4639224323625477,1
35,8401.168915444121,67,2,3.304011689154441,1
50,7.756193558922392,4,2,1.0000775619355893,0
52,783.3656830418347,44,1,2.727833656830418,1
47,1443.0808144620728,26,1,1.9144308081446209,0
51,3493.5061600641184,39,4,2.294935061600641,0
58,5024.227871002352,53,2,3.1702422787100235,1
33,7178.336563212136,9,2,0.9317833656321214,0
34,3811.957889597628,65,2,3.158119578895976,1
53,3415.4209882496275,13,1,1.5341542098824963,0
67,23.643557387939406,63,2,3.70023643557388,1
51,84.75107474969552,30,1,2.1408475107474967,0
58,8675.531765216767,43,4,2.646755317652168,1
28,6820.832574801261,78,2,3.5882083257480124,1
31,80348.32895518438,30,1,2.543483289551844,1
29,1187.3253222937053,7,3,0.6318732532229371,0
59,24.218945027381224,23,1,2.020242189450274,0
46,307294.8461592215,17,0,4.672948461592215,1
54,2048.3284902349524,66,1,3.66048328490235,1
36,276.3047315895592,25,0,1.7227630473158957,0
27,879.0233472991306,56,3,2.5487902334729915,1
33,161.74469219570236,76,5,3.301617446921957,1
33,18844.226692150216,76,2,3.728442266921502,1
35,298.313269554389,20,4,1.1829831326955438,0
75,3789.069548045809,74,2,4.337890695480458,1
24,2.1830561723513617,61,0,2.920021830561724,1
70,24.23224127599381,44,4,2.84024232241276,1
25,249.8551747194784,5,2,0.5424985517471949,0
62,13042.24416375551,63,2,3.730422441637555,1
50,176370.1672506708,62,2,5.083701672506708,1
47,2.303880214650506,7,2,1.0600230388021468,0
48,52772.02409325615,53,1,3.527720240932561,1
68,10231.045483803257,54,4,3.302310454838033,1
79,259.0466330282771,18,3,2.062590466330283,0
77,946.4483578607076,20,3,2.1094644835786074,0
20,6089.129700920894,67,3,2.900891297009209,1
25,15.8732740058384,36,1,1.8601587327400584,0
39,734.5276909305132,18,2,1.3473452769093053,0
32,27.31502529359318,60,2,2.880273150252936,1
47,33.61578347359199,36,2,2.220336157834736,0
75,799.7213075097952,3,3,1.3879972130750982,0
63,2452.695251209214,38,2,2.644526952512092,1
38,11889.47417331532,11,2,1.1588947417331532,0
35,60.422068637252416,26,2,1.5806042206863726,0
25,5759.046541815464,59,3,2.677590465418154,1
24,20.851725362199858,44,0,2.240208517253622,0
59,3615.014228416948,72,2,3.936150142284169,1
21,35.26537412607871,25,3,1.1803526537412607,0
47,186.71581603347667,79,3,3.861867158160335,1
29,1360.9356381475714,46,3,2.193609356381476,0
53,505.1005073761237,19,1,1.745051005073761,0
25,94.89815656260696,8,1,0.7409489815656262,0
25,66.45228233975075,79,1,3.580664522823397,1
50,4.959787595148312,12,1,1.4000495978759513,0
78,1349.8626300422584,50,0,3.573498626300423,1
25,1236.052283023331,79,2,3.512360522830233,1
27,14649.676743884958,61,0,3.1264967674388497,1
65,8.837020863842403,57,0,3.580088370208639,1
78,0.6233366939596148,64,4,3.80000623336694,1
73,119.30497929506672,37,0,2.9411930497929504,1
49,6282.436062025253,40,2,2.4828243606202527,1
61,1223.2777180251437,54,2,3.2322327771802515,1
47,180.21508774497696,55,3,2.90180215087745,1
76,6.14141256955495,79,2,4.520061414125696,1
35,7148.962735691301,7,0,1.0514896273569132,0
69,814.7768604819552,53,2,3.34814776860482,1
48,580.7786969716437,5,3,0.9258077869697164,0
22,1460.5443229537834,46,3,2.054605443229538,0
23,16.279514782856882,41,1,2.0201627951478285,0
67,1797.9460536770423,23,2,2.1179794605367706,0
56,149.19785053100665,34,1,2.40149197850531,0
55,192.7970459901327,45,1,2.8219279704599014,1
52,836.8497202826386,41,5,2.288368497202826,0
40,373.62630144302665,73,0,3.7237362630144304,1
79,1495.7763783543558,61,1,3.954957763783544,1
72,248.7555521143756,54,5,3.202487555521144,1
24,403.7120155520295,17,0,1.1640371201555202,0
70,690.2747253870668,68,0,4.126902747253871,1
37,12.162627829079742,55,2,2.780121626278291,1
25,9.420581384846002,23,1,1.3400942058138483,0
20,128.86054502147874,60,0,2.801288605450215,1
37,1571.7564688237512,67,1,3.355717564688238,1
40,477.7487713346509,16,2,1.2847774877133469,0
29,61.69055989899833,35,2,1.82061690559899,0
47,1111.5154513165246,17,0,1.6311151545131652,0
21,29.614748846431905,42,3,1.8602961474884645,0
38,10.49000075307753,56,2,2.840104900007531,1
67,45.69180802630145,72,0,4.220456918080263,1
23,8709.389057084698,65,0,3.147093890570847,1
38,306.6677766087123,50,0,2.763066677766087,1
59,50.36021749790216,57,5,3.0605036021749794,1
67,18.16692635432834,57,2,3.460181669263544,1
74,138.69173131896483,7,5,1.3613869173131898,0
25,30.410832763110523,37,0,1.9803041083276312,0
23,29.181396438483464,25,2,1.3002918139643849,0
37,4921.892743234809,9,5,0.7492189274323481,0
77,496.90471420011806,33,1,2.784969047142001,1
49,135.6303673337047,58,1,3.221356303673337,1
46,1.4199159919641853,13,1,1.3600141991599195,0
22,172.3643823815712,11,2,0.7217236438238157,0
43,2897.3074291577427,79,2,3.888973074291577,1
33,823.7465338047656,20,2,1.308237465338048,0
36,395.5425645935558,1,2,0.6039554256459355,0
41,6.266351146391144,52,1,2.820062663511464,1
75,998.5896152326444,43,1,3.1499858961523266,1
49,443.1999956808451,46,1,2.7444319999568085,1
55,93.67061073724904,75,1,4.020936706107372,1
53,231.555621168179,65,5,3.262315556211682,1
43,623.5521831398233,74,0,3.826235521831398,1
72,7.50804521802977,36,2,2.72007508045218,1
71,67.22616715226552,24,4,2.0606722616715225,0
51,40.57959652290005,76,1,3.980405795965229,1
53,1207.293220248121,30,1,2.192072932202481,0
29,148.60247607819971,7,2,0.7014860247607819,0
77,110.30199858102688,68,2,4.1011030199858105,1
53,3759.0143490694095,25,2,1.9375901434906944,0
45,83.56511340498098,47,4,2.46083565113405,0
62,59.93374083062156,34,5,2.2005993374083066,0
26,1447.4769691150311,60,0,2.93447476969115,1
56,85.8424491225861,23,1,1.9608584244912255,0
30,5526.094415015044,48,2,2.41526094415015,0
71,176.47000891060253,8,0,1.741764700089106,0
44,296.62374434447867,68,2,3.4429662374434447,1
25,49.97910670624262,52,1,2.5004997910670625,1
47,192.56791716736143,25,0,1.9419256791716737,0
19,286.16266567847947,19,2,0.9828616266567848,0
64,15.866310673192595,72,2,4.000158663106731,1
73,1570.8510428669258,76,2,4.355708510428669,1
57,42.48920969967418,16,3,1.5404248920969967,0
68,9710.664801658795,32,0,2.737106648016588,1
34,43.63251587698471,5,0,0.8804363251587699,0
19,6.954734899786209,23,2,1.140069547348998,0
49,410.4488179463952,30,1,2.104104488179464,0
34,2019.297718501297,33,0,2.020192977185013,0
29,23915.09031655191,41,1,2.37915090316552,0
78,47125.22039933126,18,0,2.751252203993313,1
77,43555.56865629678,16,4,2.295555686562968,0
79,19.66091870037422,79,4,4.420196609187004,1
58,24873.567671158075,58,1,3.648735676711581,1
48,12.349667604243656,45,2,2.6001234966760425,1
69,2366.8999899597766,53,2,3.363668999899598,1
47,2600.526001402373,34,2,2.166005260014024,0
33,9.7228716334618,17,4,1.0200972287163348,0
20,747.0675890654244,77,2,3.327470675890654,1
62,232.05145030727343,25,1,2.1623205145030724,0
58,194.5747664987469,35,1,2.4819457476649878,1
21,6833.858192066909,15,1,1.008338581920669,0
19,53.51502025895355,63,6,2.4205351502025896,0
28,1.091820025281557,32,3,1.6000109182002529,0
24,356.88108316855426,42,0,2.163568810831685,0
66,1258.1605116252208,36,1,2.692581605116252,1
41,2.912590670437348,30,0,2.020029125906704,0
68,611.2843454125621,34,2,2.5661128434541256,1
42,427.6517913907048,76,2,3.724276517913907,1
36,404.9844497242764,21,1,1.4840498444972423,0
29,30.137153318226908,40,0,2.180301371533182,0
75,218.67527689442724,32,2,2.622186752768944,1
36,176.49358056012463,64,2,3.121764935805601,1
43,1653.9799369899883,9,1,1.1565397993698998,0
26,7421.991264527685,7,1,0.7942199126452769,0
53,35.5956384539361,76,8,3.46035595638454,1
40,1013.1092700554308,33,0,2.1301310927005543,0
70,268.9163041057669,2,3,1.242689163041058,0
22,3093.8919458854884,37,3,1.710938919458855,0
35,3153.8265917617687,31,2,1.8115382659176176,0
39,452.09709302151407,75,4,3.464520970930215,1
44,263.5663984329876,72,3,3.52263566398433,1
72,29.753624312825814,2,2,1.3602975362431284,0
58,6274.157100665935,74,1,4.102741571006659,1
20,26207.73531629569,48,0,2.5820773531629566,1
19,4686.814451797118,1,0,0.4668681445179711,0
68,53.20662872721779,75,2,4.200532066287272,1
60,9849.195343431067,28,6,1.9384919534343104,0
18,341.1166467457724,21,4,0.8834111664674575,0
76,2392.896152051172,72,1,4.343928961520511,1
38,290.90896332081945,31,1,1.922909089633208,0
59,3185.473885695,23,1,2.05185473885695,0
25,461.0952677834398,7,2,0.6246109526778344,0
30,2763.057935786416,26,1,1.5876305793578642,0
32,247.7586997706796,50,1,2.562477586997707,1
40,163.60388051015337,7,4,0.7616360388051016,0
37,10163.042962464764,5,2,0.8816304296246477,0
68,134.15319004559353,76,2,4.241341531900456,1
19,190.5139176748852,60,7,2.221905139176749,0
39,1287.3887422077812,21,2,1.472873887422078,0
44,3786.489549640673,40,1,2.4378648954964066,0
58,445.6451270170735,63,1,3.6044564512701696,1
61,145.90727915017902,78,1,4.261459072791502,1
38,4572.956887094148,30,3,1.7657295688709416,0
31,760.8020491670538,45,3,2.1876080204916706,0
32,353.33250770872405,26,2,1.5235333250770873,0
19,599.2131418140423,11,1,0.7459921314181405,0
21,37.29232938905505,51,7,1.9003729232938904,0
59,864.898508153282,61,6,3.148648985081533,1
70,64.05487417696506,66,0,4.04064054874177,1
32,1584.3100834749432,51,2,2.5358431008347493,1
32,160.43446038823478,53,1,2.6816043446038824,1
41,8863.82184505723,57,4,2.8686382184505725,1
32,1354.022599475465,23,3,1.3335402259947549,0
65,92.04346909991688,5,5,1.100920434690999,0
63,259.7241210916995,67,3,3.702597241210917,1
23,43.063940200723046,4,3,0.3804306394020073,0
41,26782.33550000769,29,3,2.0078233550000766,0
26,3883.148012511812,31,0,1.7988314801251182,0
29,2094.384070119982,32,2,1.7209438407012,0
37,1702.430070930646,13,3,1.0370243007093063,0
43,112.36551820219964,7,1,1.0611236551820218,0
54,3.356739237354452,7,3,1.1200335673923736,0
49,92.55790479740936,57,3,3.020925579047974,1
31,78.01269797908458,28,3,1.500780126979791,0
21,544.7284259662159,16,2,0.9054472842596624,0
63,468.1163138400739,73,1,4.104681163138401,1
49,26.468015206650676,40,1,2.5002646801520667,1
67,8684.543926601491,12,2,1.746845439266015,0
33,245.19407337792103,57,3,2.70245194073378,1
70,179.25962811788284,47,5,2.8817925962811795,1
67,10664.615345678196,31,3,2.446646153456782,0
24,510.0495235637874,78,1,3.525100495235638,1
55,97275.71644685983,35,0,3.4727571644685997,1
63,25697.93505950549,43,2,3.076979350595055,1
57,102.11589837480588,49,2,2.941021158983748,1
62,2786.7589643368005,41,0,2.9078675896433683,1
67,312.2411818963308,11,3,1.5431224118189633,0
45,528.3140102196579,48,1,2.745283140102196,1
29,104.43864630853264,1,2,0.4610443864630853,0
60,13.43472813549766,15,2,1.6401343472813552,0
24,68.94308223985301,52,1,2.4806894308223986,0
56,58706.95230909366,16,4,2.027069523090937,0
79,0.9424204660920232,49,1,3.460009424204661,1
54,142.66234868651017,37,1,2.481426623486865,1
32,5457.8271193046085,31,2,1.7745782711930462,0
46,992.2396986891318,53,1,2.9699223969868918,1
38,291.1098058715192,75,5,3.362911098058716,1
19,485.18906622905007,19,1,1.0648518906622906,0
72,896.5107775216435,16,2,1.9289651077752163,0
27,40.9679513591182,47,1,2.340409679513592,0
72,320.4965978309542,27,0,2.5232049659783096,1
43,1.8383861185074533,55,2,2.900018383861185,1
58,430.1885806822094,42,3,2.604301885806822,1
60,8805.02836789878,5,1,1.4080502836789877,0
73,3159.059489129142,34,2,2.6915905948912915,1
58,26313.46335005623,48,3,3.103134633500562,1
19,16.201324327227585,66,0,3.0201620132432723,1
63,266.2130760400619,54,1,3.3426621307604005,1
60,14.64638446854032,39,2,2.600146463844685,1
42,218.5210306540956,39,1,2.322185210306541,0
48,6721.3420222978575,54,1,3.107213420222979,1
60,21066.40451880129,41,3,2.8106640451880125,1
60,93416.91020732412,6,2,2.214169102073241,0
35,354.816934764518,38,4,1.9035481693476453,0
79,678.4957683350331,59,0,3.9467849576833514,1
45,524.867299121555,51,2,2.785248672991216,1
18,499.1894642759977,38,1,1.80499189464276,0
52,74.16714854559058,75,1,3.960741671485456,1
24,9967.170340470551,75,2,3.4196717034047053,1
63,159.94848361708253,53,0,3.381599484836171,1
40,31.539253338698,32,0,2.080315392533387,0
44,2.1521387502673504,19,0,1.640021521387503,0
58,1588.110914887875,57,2,3.295881109148879,1
18,5041.04387713528,17,0,1.090410438771353,0
28,135.41160821098907,46,3,2.1613541160821104,0
78,382.5663204469299,38,4,2.7638256632044693,1
27,52.41718068547481,63,1,2.980524171806855,1
28,39524.43832874866,77,0,4.035244383287487,1
52,251.8353007627244,47,3,2.6825183530076275,1
36,6723.653154848657,6,1,0.9472365315484866,0
60,23499.432553119288,44,1,3.1149943255311925,1
31,1692.6975168206952,62,4,2.796926975168207,1
63,14303.454354738757,38,1,2.843034543547388,1
63,362.6371503772901,37,1,2.663626371503773,1
70,2687.9417426587547,32,3,2.466879417426588,0
59,177.08656419333158,50,1,3.1017708656419334,1
45,5861.085889373431,11,3,1.1586108588937345,0
54,88.29960091898502,10,2,1.32088299600919,0
36,5.481773793178468,75,0,3.720054817737932,1
50,454.16028455663593,65,3,3.3645416028455664,1
23,40.836375762252246,62,1,2.8604083637576223,1
33,2607.581577445586,24,0,1.6460758157744555,0
60,44.81781151358251,35,4,2.280448178115136,0
25,981.8642339584752,60,2,2.7498186423395845,1
73,12.935038674427808,34,2,2.660129350386744,1
59,1471.0150699455137,13,5,1.314710150699455,0
49,87323.23137072832,68,3,4.333232313707283,1
37,62.585300870117024,58,0,3.060625853008701,1
39,44.178567012886,19,1,1.4604417856701288,0
39,162.15868931136137,20,0,1.5816215868931138,0
67,27.104048973758005,79,1,4.420271040489737,1
61,17.692105338565188,27,1,2.220176921053386,0
69,1437.904957783271,67,1,3.994379049577833,1
62,2193.9818927054257,32,2,2.381939818927054,0
25,133.9827517943868,33,0,1.821339827517944,0
41,3686.1613439577527,37,1,2.2568616134395776,0
21,11326.806965839214,10,2,0.7732680696583921,0
66,88.51547319229283,29,0,2.480885154731923,0
25,46952.08201440546,13,3,1.2495208201440546,0
57,802.4322972431879,27,4,1.9080243229724323,0
43,2015.4679022812031,78,2,3.840154679022812,1
66,5468.831130122376,11,2,1.6546883113012238,0
29,1.0655274704424191,55,1,2.7000106552747045,1
67,381299.5030149641,6,3,5.152995030149642,1
63,47.20087345602016,78,2,4.220472008734561,1
77,1056.3474641495714,61,2,3.830563474641496,1
43,7.023074577007189,68,2,3.42007023074577,1
73,131.3024627269311,66,1,4.021313024627269,1
63,51.781187547997234,18,5,1.58051781187548,0
71,946.08412584908,22,4,1.9894608412584909,0
40,467.51006366016617,62,5,2.884675100636602,1
48,34.865847885345545,55,1,3.080348658478853,1
44,8652.187058715903,70,1,3.686521870587159,1
71,22685.665123734787,54,2,3.646856651237348,1
45,15028.500735895164,79,4,3.890285007358952,1
79,0.2092790410017752,22,2,2.30000209279041,0
39,3.2632814927073746,36,2,2.0600326328149268,0
59,1.8496280826557403,1,1,1.1400184962808264,0
24,324.0766287696955,79,4,3.323240766287697,1
53,52.45705026732821,27,2,1.9805245705026735,0
66,7512.074590888746,44,5,2.755120745908888,1
26,627.0979035388962,28,2,1.4862709790353892,0
29,27.274971612784807,15,2,1.020272749716128,0
34,2551.880412431069,3,4,0.5055188041243108,0
61,1400.1585383119989,21,2,1.91400158538312,0
45,26.657055006241063,7,2,1.0202665705500624,0
67,796.4261654549548,20,0,2.1479642616545496,0
21,4281.683255630936,29,1,1.5428168325563092,0
78,599.8154964516174,11,4,1.6859981549645162,0
33,33.90591363840485,61,1,3.020339059136384,1
56,8.462781208731098,53,1,3.1600846278120875,1
18,31500.26959155648,57,2,2.795002695915565,1
62,326.7902294998481,19,3,1.7632679022949984,0
71,316.77336884896926,40,2,2.8631677336884893,1
75,1.925984840574487,43,2,3.060019259848405,1
57,19195.649606866336,48,4,2.9319564960686635,1
38,1561.0272252379923,58,0,3.0956102722523795,1
62,4302.871526013005,31,0,2.5230287152601303,1
18,270.4696728917083,59,2,2.562704696728917,1
24,3104.752258756773,35,2,1.751047522587568,0
41,589.5199547113032,11,0,1.265895199547113,0
54,2245.0806145358165,72,2,3.822450806145358,1
40,1944.9735034105768,43,2,2.3794497350341057,0
75,77.33055717235109,29,0,2.6607733055717238,1
70,244.3097947714159,53,2,3.3624430979477142,1
55,2288.8813215288715,54,1,3.2028888132152886,1
18,7.22599646144819,30,2,1.4000722599646145,0
23,8762.267916612587,67,3,2.987622679166126,1
21,416.84695329636327,21,4,0.9441684695329636,0
73,767.0416296936025,64,3,3.787670416296936,1
59,370.87840765698667,44,2,2.7837087840765697,1
75,507.4638310028664,61,3,3.7050746383100286,1
42,268.5964980589745,60,3,3.0026859649805893,1
50,12.220519673103048,51,1,2.960122205196731,1
22,432.2112724569026,32,2,1.5643221127245692,0
23,47.30890033891333,1,5,0.1004730890033891,0
66,11.408497526011958,73,0,4.24011408497526,1
46,259.34424442312525,24,2,1.7225934424442313,0
43,511.2929002002384,68,2,3.4251129290020024,1
39,333.17741501282427,30,3,1.7433317741501282,0
65,886.533751364498,3,1,1.348865337513645,0
23,16178.360242906629,62,1,3.0217836024290663,1
22,600.8700120370321,10,1,0.7660087001203704,0
39,6788.0639476265815,32,2,1.967880639476266,0
56,194.63612080796148,41,3,2.52194636120808,1
30,37.59927404938559,11,1,0.960375992740494,0
25,12.849900726520271,68,4,2.9001284990072658,1
62,8968.617437084156,23,2,2.0896861743708413,0
48,4967.465650097386,30,3,1.9696746565009735,0
51,26970.950275163807,66,4,3.609709502751639,1
27,2674.911955906484,47,0,2.446749119559065,0
44,44.147369079937455,51,2,2.760441473690799,1
34,2126.0785567959365,9,2,0.9012607855679594,0
71,10.378336379791351,50,1,3.340103783363798,1
32,562.3059194102213,10,4,0.7256230591941022,0
22,1246.2189554154902,27,1,1.452462189554155,0
22,96151.504620945,65,2,3.84151504620945,1
39,2125.490466674942,47,4,2.3612549046667497,0
39,10.705059133524456,65,7,2.8201070505913357,1
78,1091.7191149509822,8,0,1.89091719114951,0
73,1673.7179329977089,73,1,4.3167371793299765,1
50,465.5639032843026,64,0,3.5646556390328428,1
41,516.4497637468164,38,4,2.0251644976374683,0
21,1081.1260522767273,10,0,0.8308112605227673,0
44,4.262130024262156,68,4,3.2800426213002427,1
33,75272.74251421534,72,0,4.292727425142154,1
43,7462.373130479629,1,3,0.7346237313047963,0
53,1.2595259473865197,23,3,1.740012595259474,0
31,3194.921123405858,55,4,2.531949211234059,1
59,1891.45001446304,48,1,3.0389145001446303,1
36,8251.500077462208,24,0,1.762515000774622,0
38,3824.76217888181,10,1,1.118247621788818,0
28,25085.1570908279,10,6,0.7308515709082792,0
37,16970.365797007427,41,1,2.4697036579700744,0
43,204244.32727028517,33,1,4.142443272702852,1
55,447.7116093490272,14,2,1.5044771160934904,0
44,3698.5231207379,34,5,1.8769852312073796,0
30,3334.428386523968,8,2,0.7933442838652397,0
45,9.007975483934104,27,2,1.8200900797548396,0
62,66.27747392308501,30,1,2.3606627747392306,0
55,494.1068425174847,54,0,3.264941068425175,1
25,2751.3943081468,42,4,1.887513943081468,0
36,1777.3661217675792,43,1,2.377773661217676,0
42,2435.403812708214,61,5,2.904354038127082,1
22,253.7922085335848,14,1,0.922537922085336,0
60,83.45101326135526,66,1,3.7608345101326135,1
36,5.115133475515496,42,0,2.400051151334755,0
65,5048.962133238177,36,3,2.5504896213323818,1
52,483.4292664559502,42,2,2.5648342926645595,1
61,30.43587860076142,76,0,4.260304358786008,1
25,45.24411384952221,57,2,2.6204524411384957,1
72,2028.994649902253,60,3,3.620289946499022,1
33,9200.830443605768,17,1,1.3520083044360578,0
53,651.7255707125703,44,2,2.666517255707125,1
76,519.0916169821479,1,2,1.4051909161698215,0
40,165.0636505318724,39,3,2.1216506365053185,0
39,30.97027019639049,27,5,1.4603097027019645,0
37,742.8150848449716,53,2,2.707428150848449,1
57,93.1718374564594,14,0,1.7009317183745647,0
65,8.516427060821869,20,0,2.100085164270608,0
27,32.961920956747974,59,1,2.8203296192095677,1
73,110.66958537843588,2,1,1.4611066958537844,0
32,3.3553941407280936,26,1,1.6000335539414072,0
50,91769.19146266828,50,1,3.837691914626683,1
20,1658.4870982856216,56,0,2.656584870982857,1
65,3662.326018735581,74,3,4.056623260187355,1
46,13401.719542128249,10,0,1.4540171954212826,0
74,878.3276056263878,12,1,1.888783276056264,0
55,222.65163744878825,51,2,2.982226516374488,1
19,8284.805071223345,46,1,2.222848050712233,0
68,499.07161777903553,52,2,3.2849907161777905,1
40,4.678351416382341,20,5,1.2000467835141642,0
59,18.436998744263825,57,2,3.3001843699874427,1
60,17.708018981487115,69,2,3.800177080189815,1
61,42.75855389200376,79,0,4.38042758553892,1
61,89.17122644372711,67,1,3.820891712264437,1
66,39.2494626128608,2,2,1.2403924946261289,0
62,82.24538936207883,43,3,2.7208224538936205,1
62,39.68072792986565,26,1,2.2003968072792985,0
51,3829.800884081842,44,4,2.4982980088408184,1
20,537.365189409005,62,2,2.72537365189409,1
63,4.630998606091849,73,1,4.100046309986061,1
20,60059.729588818445,58,1,3.2405972958881843,1
73,12.034874056922373,16,1,2.020120348740569,0
79,2.679038648316103,35,2,2.8200267903864837,1
31,196.2216625520007,62,2,2.94196221662552,1
65,3146.9861579115554,63,0,3.8514698615791154,1
49,476.4952362275322,63,3,3.264764952362276,1
74,147.53787372220955,74,3,4.201475378737221,1
67,45.78641732185131,58,3,3.420457864173218,1
63,262.607354413793,35,2,2.502626073544138,1
64,1889.120242047319,40,1,2.818891202420473,1
40,403190.7592998439,16,4,5.151907592998438,1
32,13118.716563444332,71,4,3.291187165634444,1
69,1356.2992193266898,34,0,2.753562992193267,1
57,237.6741043439968,5,3,1.10237674104344,0
62,10.222702037800554,4,1,1.320102227020378,0
75,153.5414371339786,61,4,3.62153541437134,1
68,68.13582391703504,67,3,3.8006813582391703,1
70,3426.0173491087285,78,3,4.314260173491087,1
57,20166.580943672267,52,2,3.261665809436723,1
40,49116.34004911556,72,2,4.011163400491156,1
54,2953.091863971593,30,3,2.069530918639716,0
75,7.910527979721277,70,3,4.060079105279797,1
59,1726.7943562145288,18,2,1.7572679435621452,0
68,194.5704308906204,29,2,2.361945704308906,0
47,84.33991506572474,59,2,3.140843399150657,1
74,1118.1677004168396,51,1,3.4511816770041683,1
40,1511.7351879309947,46,2,2.49511735187931,1
23,46.26721387092587,26,1,1.4204626721387092,0
26,5770.385313585784,65,6,2.697703853135858,1
59,10.54493794741162,27,2,2.100105449379474,0
46,57.48344561075993,36,2,2.200574834456108,0
65,1670.1196970282156,76,5,3.956701196970282,1
27,497.6782963411349,2,2,0.4649767829634113,0
59,5564.837224717036,8,1,1.4756483722471705,0
62,2646.2076866701764,12,2,1.5864620768667017,0
18,28.059364503987123,1,5,0.0002805936450397,0
76,141.026210505121,66,3,3.9214102621050513,1
36,2336.60354140894,60,0,3.1433660354140893,1
77,2386.59675806095,43,10,2.483865967580609,1
45,162.65229737866105,31,4,1.8216265229737865,0
21,8.040723324356,19,0,1.1800804072332436,0
25,6120.434622327226,44,3,2.081204346223272,0
26,2.8975051243004724,52,0,2.6000289750512438,1
59,49.69910977528132,72,4,3.740496991097753,1
50,59.093497745027705,79,5,3.76059093497745,1
22,89.20886987458054,75,1,3.360892088698746,1
67,757.1932567469174,49,4,2.987571932567469,1
74,24.78708978311123,15,2,1.9202478708978312,0
24,157.9246866895997,9,2,0.6815792468668959,0
55,89.34748130149255,46,1,2.860893474813015,1
26,2896.1087154719253,55,2,2.5889610871547197,1
35,1932.5476304000383,12,0,1.1993254763040004,0
61,10.631410803903991,55,1,3.340106314108039,1
49,1173.3353056691374,54,4,2.831733353056692,1
60,7721.552464936179,38,2,2.6372155246493616,1
76,3010.18157739836,41,2,3.030101815773984,1
60,10.128822144953244,78,5,3.9201012882214497,1
39,873.5946273653053,68,3,3.2687359462736536,1
64,5.918495368060406,17,4,1.6400591849536803,0
18,23.34833733305464,25,1,1.2802334833733304,0
67,424.4545805595177,42,5,2.624244545805595,1
53,937.4586405326852,72,5,3.5493745864053268,1
53,532.9675136958899,17,1,1.665329675136959,0
19,25044.28991106032,24,1,1.5104428991106031,0
41,126.46711304437224,33,1,2.061264671130444,0
31,1230.2415139880204,23,4,1.2323024151398805,0
28,490.7687126539208,35,2,1.8049076871265397,0
62,48.771157813333815,51,6,2.8004877115781333,1
20,243.59194162336564,48,2,2.1624359194162333,0
77,1886.3467036758125,3,3,1.4388634670367584,0
29,806.8659014791975,40,3,1.948068659014792,0
61,3494.08179154282,77,0,4.334940817915428,1
76,118.1706930700994,60,3,3.681181706930701,1
52,256.9285535024524,77,4,3.8025692855350246,1
66,235.2287038650336,73,2,4.08235228703865,1
42,328855.3123274075,39,3,5.448553123274076,1
39,22422.75691685974,62,1,3.4042275691685973,1
64,451.0886418398068,51,0,3.3245108864183983,1
46,1396.398950960927,21,2,1.6139639895096094,0
79,444.5121802844784,60,1,3.9044451218028446,1
21,500.4129895047061,17,2,0.945004129895047,0
51,5.903912925297001,20,5,1.420059039129253,0
71,124631.6506594088,4,4,2.5063165065940884,1
23,351.3186932150552,26,0,1.5035131869321503,0
53,86.84924884670271,62,1,3.460868492488467,1
75,31.74021118488017,43,0,3.220317402111849,1
43,42.79817850801458,4,4,0.70042798178508,0
30,112.70952959076382,25,1,1.5211270952959075,0
59,29.7081655114656,6,1,1.3402970816551143,0
39,859.1457561899418,31,3,1.7885914575618995,0
43,285.1444231071881,74,2,3.662851444231072,1
51,1488.837882486931,20,3,1.5948883788248691,0
27,74.78741561986807,17,2,1.0607478741561989,0
57,403.65495698665046,37,1,2.5440365495698662,1
26,1894.0001517720807,45,0,2.338940001517721,0
38,151.29763646576765,52,2,2.6815129763646577,1
73,55.9626796391517,35,1,2.7805596267963915,1
70,198.3200333317538,31,2,2.481983200333317,1
51,13.766107121364664,23,2,1.780137661071214,0
42,55.16743830811902,73,0,3.760551674383082,1
60,167228.22181755703,6,2,2.9522822181755703,1
70,858.6387371944083,2,2,1.3285863873719443,0
79,1792.4485736278248,21,3,2.1979244857362783,0
72,952.2624435277472,65,1,3.969522624435277,1
73,51.07962295736128,79,4,4.300510796229574,1
52,326.68276135997843,43,1,2.6832668276136,1
38,177.9077402745108,2,4,0.5217790774027451,0
69,3981.9226145204952,27,4,2.1798192261452054,0
55,1252.0875795515349,31,0,2.3525208757955154,0
76,440.3533030760416,60,0,3.92440353303076,1
27,816.3379783377518,38,2,1.9081633797833772,0
68,1895.3208932714683,9,0,1.7389532089327149,0
77,40.01051617606864,38,1,2.980400105161761,1
63,2.662862657734073,41,5,2.500026628626577,1
69,1272.6122316576614,26,4,2.112726122316577,0
78,6665.790189455733,75,3,4.386657901894557,1
40,2.8885367149403174,69,1,3.4800288853671497,1
56,573.0705844950269,14,2,1.5257307058449503,0
35,36511.30406329497,24,2,1.8651130406329497,0
71,67.76725120902132,11,2,1.7006776725120902,0
46,158.44854193086098,61,2,3.2015844854193083,1
31,174.0534889119368,34,2,1.82174053488912,0
36,6742.549876354727,20,2,1.4274254987635475,0
76,97.49153761856688,23,1,2.3609749153761856,0
48,7.756343425470266,15,4,1.2400775634342545,0
22,118.31389144431613,10,3,0.6011831389144432,0
44,3961.656183154064,39,1,2.3996165618315404,0
34,2118.2543838187344,15,3,1.0611825438381872,0
45,23.186719176158764,15,0,1.5002318671917616,0
64,41.75220526054717,40,2,2.720417522052605,1
29,3376.0944698802737,45,4,2.093760944698803,0
55,141.13818749792642,65,0,3.701411381874979,1
51,1346.5845136299283,65,1,3.5534658451362997,1
55,1384.0380962149354,35,2,2.3538403809621498,0
40,41.14472011631664,56,2,2.8804114472011637,1
49,605.6452225557863,25,3,1.746056452225558,0
39,59.31892324818696,50,4,2.460593189232482,0
42,679.3856336660604,65,0,3.4467938563366607,1
29,1334.155241915844,1,3,0.3933415524191584,0
78,106.40872792795771,51,1,3.52106408727928,1
22,1352.5803982137727,20,4,0.9335258039821376,0
42,161.80380737769926,43,1,2.481618038073777,1
77,14.324942953206014,69,5,3.900143249429533,1
66,1263.0535982990486,37,0,2.812630535982991,1
28,44.38723927996481,67,2,3.0804438723928,1
32,12811.514003962806,45,2,2.408115140039628,0
78,3289.089852033034,59,2,3.79289089852033,1
44,316.6692524218884,63,2,3.243166692524219,1
47,30725.642892897977,3,0,1.3672564289289797,0
68,3562.165907725464,10,0,1.795621659077255,0
77,128.57174660682904,70,4,4.0212857174660686,1
74,95.21016144127978,27,1,2.4809521016144127,1
50,160.61139454175063,9,3,1.1216061139454176,0
61,4926.582229736416,21,2,1.949265822297364,0
47,74.42331543288226,3,1,0.9807442331543288,0
49,9.677356706349013,25,1,1.9000967735670635,0
48,30.46496230589013,38,2,2.3203046496230586,0
31,24.19435735842871,78,2,3.580241943573584,1
50,5.852510221425031,21,1,1.760058525102214,0
39,1343.6414496069174,20,2,1.4334364144960692,0
50,68.39259095616433,18,4,1.4006839259095616,0
24,126.36530149740416,34,3,1.6012636530149742,0
74,520.8845429733667,13,2,1.845208845429734,0
78,20.24603036521756,75,2,4.400202460303652,1
49,17961.307034224796,1,4,0.879613070342248,0
38,143.28023146073517,5,1,0.8814328023146075,0
24,1624.3196669616707,2,0,0.5762431966696167,0
74,971.682561758801,23,1,2.329716825617588,0
38,10774.540799120929,49,0,2.827745407991209,1
75,46150.45017171196,19,2,2.56150450171712,1
41,4164.354746510998,77,0,3.94164354746511,1
66,383.6041747383742,62,2,3.643836041747384,1
34,232377.58544661148,25,2,3.8437758544661143,1
60,614.5771569355769,51,2,3.086145771569356,1
76,4625.270022490323,33,3,2.6462527002249034,1
34,25.7581290659762,8,2,0.8402575812906597,0
47,20624.70117641804,22,2,1.8662470117641805,0
58,8654.056800992596,32,1,2.446540568009926,0
30,3156.2724924774434,28,5,1.3515627249247744,0
50,65.0413343555243,48,0,2.920650413343555,1
19,11351.000064217744,12,0,0.9735100006421774,0
35,7.015624323634249,76,2,3.580070156243236,1
36,6.604570518733222,37,1,2.120066045705187,0
34,0.72366150428038,5,0,0.8800072366150429,0
74,546.1285352224374,59,2,3.685461285352224,1
54,4220.161069957196,26,4,1.842201610699572,0
68,444.88563431088073,57,0,3.644448856343109,1
42,3456.0267579409074,5,0,1.074560267579409,0
60,111.71738749775224,66,0,3.8411171738749776,1
41,250.7556290758125,47,1,2.622507556290758,1
48,4.903194457649592,25,0,1.9600490319445765,0
69,1411.860949068078,11,0,1.834118609490681,0
26,31.031382596000405,27,3,1.3603103138259602,0
21,371.3835796391156,9,1,0.7037138357963911,0
64,374034.5514413059,27,2,5.94034551441306,1
49,1145.8042473370188,24,4,1.6314580424733702,0
54,43.24313269471616,50,3,2.840432431326948,1
54,184.06993075812716,76,2,3.961840699307581,1
38,125.26895075766885,48,0,2.681252689507577,1
54,20281.949601896544,27,1,2.2828194960189654,0
21,5.160195089324394,5,4,0.3000516019508932,0
36,1977.412015086786,40,4,2.0197741201508683,0
34,529.4185738490577,46,0,2.525294185738491,1
22,8550.594416952803,66,2,3.005505944169528,1
72,2.724080403611048,71,4,3.960027240804036,1
77,194.81328922068863,40,1,3.0619481328922067,1
23,545.6680341106572,51,0,2.5054566803411067,1
43,136.32487419191546,75,3,3.621363248741919,1
50,7055.772990314037,75,4,3.7505577299031407,1
65,514.8098021497958,32,4,2.265148098021498,0
77,9.02385520411042,47,3,3.180090238552041,1
35,1642.3760001717772,36,1,2.0764237600017177,0
57,10996.891739999504,79,4,4.089968917399995,1
50,11402.059484765708,38,3,2.3940205948476567,0
70,4955.548982436609,20,4,1.9295554898243663,0
30,32114.053504717405,32,2,2.041140535047174,0
51,1541.7909278654788,12,1,1.4354179092786548,0
25,3700.767632766328,68,1,3.177007676327664,1
18,11.098241916218404,27,2,1.2801109824191623,0
77,5052.448757029963,42,3,3.0305244875702995,1
19,455.9334646836778,50,0,2.384559334646837,0
52,687.3641561638331,65,1,3.5668736415616387,1
18,430.712841264329,2,3,0.2043071284126433,0
22,5948.550906379815,67,4,2.8594855090637985,1
70,216.5249058226212,56,0,3.642165249058227,1
47,1552.258446243733,29,2,1.955522584462437,0
29,8.439308808419977,58,6,2.420084393088084,0
39,5777.756453482369,6,1,0.9977775645348238,0
30,7087.677302796547,58,3,2.750876773027965,1
56,2748.061274899001,13,2,1.50748061274899,0
54,70380.25454119412,53,1,3.8238025454119415,1
43,29.91509467084889,2,1,0.8602991509467085,0
72,6.261899568326611,27,3,2.280062618995683,0
37,46386.82620089364,4,0,1.3638682620089362,0
76,16.22738602155011,64,1,4.000162273860216,1
77,80.86333761851463,2,6,1.140808633376185,0
36,177.16947905081497,8,2,0.8817716947905082,0
38,72655.54932356522,30,6,2.2065554932356526,0
45,2739.9078297832184,27,2,1.847399078297832,0
29,589.4744132611788,24,3,1.3058947441326116,0
64,1441.4969869875442,13,0,1.8144149698698755,0
64,58122.76480685226,65,1,4.381227648068522,1
52,890.7922348064245,59,2,3.248907922348064,1
64,2700.21811863142,41,2,2.787002181186314,1
24,2.7394707493145747,36,1,1.840027394707493,0
72,71.06851449968124,60,2,3.680710685144996,1
56,1589.9562724527316,19,2,1.7358995627245275,0
67,206.3820042767477,68,1,3.982063820042768,1
63,6.635611218653118,77,5,3.940066356112187,1
31,84.23925389297193,13,4,0.8208423925389297,0
79,33.160822724669586,75,2,4.420331608227246,1
66,241.4650652558492,73,2,4.082414650652559,1
58,59.009538388624456,47,2,2.8805900953838863,1
65,7155.973619921835,66,3,3.771559736199219,1
66,2.033550883782349,11,7,1.2000203355088377,0
31,343.5104584782534,71,2,3.303435104584782,1
18,210.67515435283107,35,0,1.7621067515435285,0
33,1113.2050322618873,8,0,0.9911320503226188,0
78,9073.079588400316,72,0,4.530730795884003,1
21,77.78424497026253,33,3,1.5007778424497027,0
73,8254.6316405625,36,4,2.662546316405625,1
65,557.5129260192015,51,1,3.265575129260192,1
21,14018.73726238973,55,0,2.760187372623897,1
28,235.994848816214,7,4,0.5223599484881623,0
37,42.93449261591336,34,1,2.020429344926159,0
42,1081.220261853947,32,2,1.9708122026185395,0
43,48.64200017712784,14,3,1.1804864200017713,0
62,4.41365953177062,54,1,3.320044136595317,1
33,40.26016153795738,71,2,3.3404026016153794,1
31,310.892985982874,19,1,1.3031089298598286,0
29,10.057472008113878,33,2,1.7401005747200813,0
74,8980.32949484674,1,2,1.4498032949484674,0
40,2183.772233445799,70,3,3.381837722334458,1
52,13920.79854132168,59,3,3.299207985413217,1
50,6117.865388111612,72,2,3.781178653881116,1
32,2935.776134022366,43,3,2.149357761340224,0
79,36.662087931551625,52,3,3.4203666208793155,1
44,90.7027071396234,78,1,3.920907027071397,1
56,212.5517694209948,68,2,3.68212551769421,1
67,486.27491095410176,28,2,2.304862749109541,0
30,15.30699726401414,79,5,3.3601530699726405,1
37,681.8897303972064,44,1,2.426818897303972,0
78,40976.586024019714,18,4,2.3697658602401974,0
29,2460.99900326855,72,1,3.4046099900326854,1
30,250.4904214671596,19,5,0.9625049042146716,0
18,183.99735218972063,25,4,1.041839973521897,0
71,8665.499319484283,57,1,3.706654993194843,1
28,202.12881297317185,67,3,3.002021288129732,1
57,2533.4119221541446,47,1,2.965334119221541,1
39,385.987875956502,57,1,2.9838598787595654,1
31,1856.3124251138145,15,2,1.0785631242511382,0
72,382.4988240546254,73,3,4.123824988240546,1
25,21.697903027099485,62,2,2.820216979030271,1
39,19.29093371275078,64,1,3.260192909337128,1
71,514.7006872525631,10,0,1.8251470068725253,0
69,4393.061532567,35,0,2.8239306153256702,1
61,2588.536192534099,6,3,1.245885361925341,0
69,523.4909171547265,26,2,2.265234909171548,0
24,19.797622647282704,39,4,1.720197976226473,0
41,269.9802915623209,64,1,3.302699802915624,1
68,400.1524842617104,51,3,3.164001524842617,1
21,140.80395136993832,33,4,1.4214080395136994,0
55,449.4200074333836,50,1,3.024494200074334,1
23,20923.724432991447,74,2,3.469237244329914,1
29,5655.707146744258,48,1,2.4765570714674423,0
79,338.1622644889307,74,2,4.383381622644889,1
40,7061.717085846813,18,0,1.5906171708584682,0
62,6347.214674102368,3,1,1.3434721467410236,0
29,358.5259221130252,14,1,1.06358525922113,0
57,7.300428157489189,33,4,2.140073004281575,0
41,465.7304120961016,32,1,2.024657304120961,0
76,339.6271305393328,8,1,1.7633962713053932,0
37,14.194809893193373,48,2,2.500141948098932,1
71,6279.560252806165,77,2,4.4027956025280615,1
76,1752.6166026181245,31,3,2.537526166026181,1
35,142.0022662604019,19,2,1.3014200226626045,0
25,3184.8485787268187,75,1,3.451848485787268,1
36,2684.759463046625,48,4,2.3468475946304665,0
20,6.469913925444673,30,6,1.1200646991392544,0
45,166.28557255416726,34,1,2.1816628557255417,0
57,30.450999473490395,63,3,3.420304509994735,1
63,189.3139196665783,25,2,2.1018931391966658,0
33,12805.476051502872,8,5,0.7080547605150288,0
51,87.50647400801753,73,1,3.86087506474008,1
72,7080.007320338792,57,1,3.710800073203388,1
48,2452.9267546147944,64,1,3.464529267546148,1
76,8681.95166298403,30,0,2.80681951662984,1
43,35692.68451072233,71,4,3.7369268451072233,1
66,777.4375163179136,52,2,3.24777437516318,1
72,921.2671922316284,79,2,4.449212671922316,1
26,677.5590404154342,2,3,0.3667755904041543,0
40,3174.207276464936,19,4,1.2717420727646491,0
38,569.0341500457648,71,5,3.2056903415004574,1
18,543.7157451379469,11,4,0.4854371574513794,0
47,288.08066710546126,65,2,3.3828808066710545,1
22,6955.379130803021,28,5,1.2295537913080303,0
51,1736.3825286393514,68,1,3.6773638252863936,1
18,159.12451957157376,76,1,3.321591245195716,1
77,317.6188349684697,2,2,1.463176188349685,0
69,1.8747791223464392,2,2,1.3000187477912235,0
30,2364.4158229045083,14,4,0.8636441582290451,0
20,3032.6941468862155,19,3,0.9503269414688622,0
18,2507.972573378454,69,3,2.905079725733785,1
25,195.5001328054523,54,0,2.661955001328055,1
30,397.106429922415,67,3,3.0439710642992246,1
24,746.1081085780728,7,1,0.6874610810857807,0
28,1354.197883542321,30,1,1.6935419788354231,0
68,58.9621750566334,22,1,2.1605896217505665,0
31,10952.243811417276,70,0,3.529522438114173,1
48,11359.621197478682,36,2,2.353596211974786,0
65,1673.414133127285,77,1,4.316734141331273,1
18,1468.7856132854956,47,5,1.854687856132855,0
61,659.3214533531735,28,0,2.346593214533532,0
48,64.42183254532118,46,3,2.5606442183254536,1
59,1877.6423617964876,1,5,0.8387764236179648,0
50,135.0874952492813,51,3,2.801350874952493,1
68,18558.02692838955,26,2,2.425580269283896,0
51,885.8699616827162,51,1,2.988858699616827,1
34,107.99724932518144,13,2,1.041079972493252,0
35,540.9979610717313,78,2,3.665409979610717,1
38,7779.1624312952,12,5,0.917791624312952,0
61,27974.80699932447,17,0,2.179748069993245,0
20,28.14637841855129,55,2,2.440281463784185,0
28,10.744890599316852,67,2,3.080107448905993,1
74,13313.749306599162,74,0,4.573137493065992,1
70,857220.57073405,19,3,10.4922057073405,1
77,362.7986991530202,21,2,2.22362798699153,0
36,11.295567963907777,53,2,2.680112955679639,1
79,343.32656175718245,29,2,2.583433265617572,1
52,83.32472935108764,36,0,2.48083324729351,0
49,0.5163855052197273,15,0,1.580005163855052,0
64,2248.1377523233555,72,1,4.102481377523233,1
31,39.4413707556176,42,1,2.220394413707556,0
63,655.9393637464441,31,3,2.266559393637464,0
37,5942.316204408025,63,2,3.15942316204408,1
24,895.0412284280478,56,2,2.568950412284281,1
68,714.5456298410195,56,0,3.60714545629841,1
33,35.41815742617741,16,2,1.140354181574262,0
56,2578.8393238795447,79,4,3.985788393238796,1
56,67.6971285433701,74,3,3.8406769712854336,1
66,266.06081723537017,69,4,3.762660608172354,1
38,610.1801752036431,57,4,2.7261018017520366,1
60,106367.9517298096,23,3,2.9436795172980963,1
35,5804.919930086826,78,0,3.878049199300869,1
24,3.939226153200396,53,2,2.440039392261532,0
37,13143.868660893504,62,3,3.1114386866089347,1
67,3949.437174423283,51,3,3.1794943717442328,1
29,14.776563370771711,34,5,1.5401477656337077,0
41,2227.478932271656,46,2,2.5222747893227164,1
77,32.33280590218871,61,4,3.660323328059022,1
71,205.6657884629356,19,3,1.9420566578846288,0
56,1291.8795674776925,26,1,2.092918795674777,0
74,83.90269831723131,51,4,3.200839026983173,1
48,511.9634959333719,24,1,1.8451196349593333,0
56,1662.9129523110596,9,1,1.4166291295231108,0
22,268.9230336760312,60,0,2.8426892303367604,1
27,2699.5603883852027,21,4,1.086995603883852,0
57,608.3538808103049,68,4,3.546083538808104,1
28,2164.158550541321,23,2,1.3416415855054131,0
72,481.2753696129451,69,3,3.9648127536961297,1
65,9237.71941639966,63,4,3.592377194163997,1
57,2054.837155728237,64,1,3.6405483715572826,1
40,42.86684413062879,13,3,1.0804286684413065,0
63,1333.6418484999228,20,4,1.753336418484999,0
38,263.3788433328797,57,3,2.802633788433329,1
34,14.906536471669742,51,1,2.640149065364717,1
25,11.087183798218469,30,1,1.6201108718379822,0
23,27.95450906773298,49,3,2.180279545090677,0
63,10675.053232013788,55,3,3.326750532320138,1
78,1756.508656089303,47,3,3.217565086560893,1
64,81.07664062527724,72,1,4.080810766406253,1
43,861.8856641678314,29,1,1.9486188566416784,0
26,225.8121074643916,63,2,2.882258121074644,1
46,678.4267101288555,30,1,2.0467842671012884,0
52,87.6566390264895,25,1,1.9608765663902648,0
55,357.8568636381669,23,2,1.8635785686363815,0
18,2990.848724739356,2,2,0.3099084872473936,0
39,1669.252899192143,13,1,1.2366925289919215,0
41,82.65124911960574,45,1,2.540826512491196,1
38,784.2232643761104,17,0,1.4478422326437612,0
62,96.17909296664916,2,1,1.2409617909296664,0
45,165.0246429487991,65,1,3.421650246429488,1
60,2133.591247044444,16,0,1.8613359124704445,0
61,182.5701782722735,56,2,3.3018257017827226,1
65,1512.008418647741,11,3,1.5151200841864774,0
65,5504.70947950494,75,2,4.195047094795049,1
41,47.4607694962672,41,2,2.3004746076949627,0
55,20.223698441192827,51,3,2.900202236984412,1
22,64.47690409483916,37,1,1.8406447690409484,0
69,113.54594719428748,43,0,3.101135459471943,1
69,6168.597953321009,71,5,3.8816859795332097,1
37,1391.124213257266,75,2,3.5939112421325725,1
18,14040.499639289968,41,3,1.9004049963929,0
77,309.80385336546635,28,2,2.503098038533655,1
32,24.7090292468495,43,4,2.0402470902924685,0
31,458.4003177342032,34,2,1.8245840031773424,0
71,526.982927307088,15,3,1.7852698292730709,0
53,207.451454776963,27,2,1.9820745145477696,0
62,10.302578733377011,47,1,3.040103025787334,1
68,8921.225872357983,71,1,4.209212258723579,1
74,2004.7023299610053,63,0,4.02004702329961,1
52,2503.9722243975507,51,1,3.0250397222439758,1
78,1190.9886209236888,47,0,3.451909886209237,1
45,237.0695498658067,4,0,1.062370695498658,0
40,209.68710193215588,61,2,3.082096871019321,1
68,212.6536813737222,57,3,3.402126536813737,1
34,29.48665789846412,44,7,1.8802948665789847,0
63,27.19400110999563,8,3,1.3402719400111,0
33,747.636055075344,74,1,3.5474763605507533,1
43,27.946792891830512,18,2,1.4202794679289183,0
40,30.164327790260653,15,3,1.1603016432779028,0
35,9.92406572539273,59,3,2.820099240657254,1
24,3124.2866146856272,17,1,1.1112428661468563,0
29,65.62968277037044,6,4,0.5006562968277037,0
22,134.35145936769428,32,4,1.401343514593677,0
38,662.434567911354,47,1,2.566624345679114,1
44,20.17169319855474,71,2,3.560201716931985,1
59,1026.4891057442444,64,2,3.5902648910574424,1
43,2767.611396559224,62,2,3.207676113965592,1
18,1185.1567927193416,4,1,0.4518515679271934,0
43,716.7465210720158,49,0,2.82716746521072,1
52,309.98200385420193,52,2,2.9630998200385417,1
40,54.14911693228742,55,3,2.760541491169323,1
21,94.22174388881552,31,3,1.4209422174388882,0
27,4787.616186099139,25,1,1.5078761618609913,0
40,476.1596477811674,37,1,2.204761596477812,0
48,176.70661787209224,47,5,2.441767066178721,0
31,2724.465563209869,14,1,1.1272446556320983,0
51,3391.2554140923094,35,2,2.293912554140923,0
19,178.98469830904423,50,1,2.30178984698309,0
19,80.28062207406914,79,3,3.300802806220741,1
33,80.04127380982537,75,3,3.4208004127380987,1
79,10.475852652356416,69,3,4.100104758526523,1
70,2302.248493644277,32,2,2.5430224849364427,1
33,4.278031285221592,1,2,0.5400427803128522,0
22,520.2493440816806,15,0,1.0452024934408168,0
67,24.083332789034177,65,3,3.70024083332789,1
74,2.72301031216664,13,4,1.6800272301031216,0
35,20526.438168692763,79,7,3.505264381686928,1
75,1300.862992115577,53,0,3.633008629921156,1
20,4550.757541609425,68,1,3.0855075754160946,1
52,3135.0776509080965,32,2,2.191350776509081,0
59,377.92861649355234,25,1,2.103779286164936,0
49,62220.065668012365,42,1,3.2022006566801235,1
43,6120.099022137556,4,0,1.0812009902213755,0
52,12142.734506106546,72,1,3.9614273450610655,1
41,175.80554622219964,34,0,2.1817580554622222,0
24,3457.27835885994,18,0,1.2345727835885991,0
21,0.0688897766857264,66,2,2.9000006888977667,1
72,90.1595087039685,50,1,3.36090159508704,1
35,451.50000296993903,67,0,3.3845150000297,1
37,1099.2642783335773,10,3,0.910992642783336,0
59,1195.5814568619935,3,0,1.31195581456862,0
76,850.9917809574475,22,0,2.4085099178095746,0
66,65555.93055490601,47,3,3.61555930554906,1
70,35.261603159029775,57,2,3.5203526160315906,1
22,51154.09230571908,31,2,2.031540923057191,0
78,122.98083623607376,54,2,3.561229808362361,1
32,1302.42333867497,25,2,1.4930242333867498,0
41,199.73848816757211,57,2,2.941997384881676,1
49,28153.711315840526,60,1,3.5815371131584053,1
58,667.215453819568,31,5,2.006672154538196,0
35,21.703719906349264,53,0,2.820217037199064,1
54,212.2551250501527,53,2,3.042122551250501,1
22,110.61195897102566,65,3,2.8011061195897105,1
72,143.92836189091403,75,0,4.441439283618909,1
40,13942.685589070314,48,1,2.779426855890703,1
72,1383.312372810973,55,2,3.49383312372811,1
43,96.45054770017492,7,2,0.980964505477002,0
40,14.936588052567831,73,3,3.480149365880526,1
68,931.0951319565957,21,1,2.129310951319566,0
36,401.1836750020237,23,0,1.6440118367500205,0
18,767.9942826259944,52,2,2.28767994282626,0
45,13.325446776976792,16,2,1.38013325446777,0
52,399.3164974373558,72,2,3.763993164974373,1
53,73.37010809872574,13,3,1.3407337010809874,0
21,23360.66184481699,10,1,0.97360661844817,0
67,222.6601701297298,24,2,2.142226601701297,0
62,5004.980376395163,34,1,2.5700498037639514,1
45,10451.729135099216,46,1,2.764517291350992,1
52,223.2027943386498,54,0,3.2022320279433867,1
38,8281.928221612452,1,2,0.7228192822161246,0
36,86.79201315411386,49,1,2.600867920131541,1
42,122.35820033742684,3,2,0.8012235820033742,0
31,12.745607075006427,12,3,0.8601274560707501,0
41,649.0044257048951,5,0,1.026490044257049,0
72,16.570966400313498,8,3,1.520165709664003,0
56,134.1732955606373,38,3,2.401341732955607,0
43,113.69957547037508,30,4,1.7411369957547038,0
43,6.95064923850578,6,3,0.8600695064923849,0
78,47.31107759562583,3,4,1.3604731107759565,0
78,58923.01225439474,50,4,3.829230122543948,1
57,32660.56307157101,41,4,2.7866056307157105,1
18,109.008719696956,28,1,1.4010900871969696,0
43,112.85952685717427,29,0,2.021128595268572,0
54,237.03026725355204,63,1,3.5223703026725355,1
79,226.49919787849024,4,0,1.742264991978785,0
22,62.390173821541424,63,0,2.960623901738216,1
71,3017.477027660783,31,3,2.4501747702766075,0
49,565.2864742861624,20,2,1.6256528647428616,0
65,786.4949867107619,38,2,2.6678649498671074,1
71,54.10864942266674,56,1,3.580541086494226,1
47,10468.267655698888,14,1,1.524682676556989,0
43,10412.40682164979,73,2,3.7241240682164976,1
62,64.70530691625376,18,2,1.8006470530691625,0
51,216.8741676706467,71,4,3.5421687416767065,1
75,98.86191567366907,3,2,1.4609886191567367,0
74,599.930461727817,53,2,3.445999304617278,1
68,436.0512632896986,31,0,2.604360512632897,1
43,428.33277488951217,44,1,2.544283327748895,1
42,1.4503380374012502,20,0,1.640014503380374,0
60,3678.837391405637,52,4,2.9967883739140566,1
62,2640.14786880123,26,5,1.906401478688012,0
66,0.7921571508683444,54,0,3.480007921571509,1
66,4.583778163915738,78,4,4.120045837781639,1
69,378.7751173391247,22,2,2.103787751173391,0
48,215.18234115590477,29,0,2.122151823411559,0
48,4756.645560363468,67,2,3.5275664556036346,1
38,33.723825810057285,66,2,3.2403372382581006,1
68,407.0928734458688,75,2,4.204070928734459,1
59,91.40408933209991,21,2,1.860914040893321,0
72,38543.27304722763,50,2,3.665432730472276,1
57,120.410774509717,65,1,3.6612041077450974,1
45,2162.7240824236783,49,2,2.721627240824237,1
26,9971.594109455747,70,2,3.2597159410945578,1
77,16.206893821669734,69,2,4.140162068938217,1
59,13360.374139366224,27,2,2.233603741393662,0
72,1437.8685337755048,37,0,2.934378685337755,1
24,289.6323264496193,15,2,0.922896323264496,0
75,1067.7693229881932,30,2,2.550677693229882,1
27,3101.272895388519,25,2,1.4110127289538854,0
79,348.040849979677,20,1,2.303480408499797,0
60,148.6803954635057,61,3,3.4014868039546347,1
22,4663.864086945695,9,1,0.766638640869457,0
52,799.6650761495918,14,3,1.367996650761496,0
53,1472.6237626968243,66,1,3.634726237626968,1
30,57493.14978595517,53,1,3.214931497859552,1
78,233.1505386700057,51,0,3.6023315053867,1
32,239.3753365600769,71,5,3.0823937533656007,1
22,7320.539824787066,62,1,2.9132053982478707,1
75,17569.873565204893,13,2,2.0356987356520486,0
35,216.97661836246752,78,0,3.8221697661836247,1
55,12.761680865105296,9,7,0.9001276168086512,0
30,6046.644728572826,24,2,1.4604664472857285,0
47,37654.88540349446,64,4,3.556548854034945,1
40,735.0985295565964,77,1,3.807350985295566,1
22,238.62501730181256,6,1,0.6023862501730182,0
30,9533.125638503583,15,0,1.295331256385036,0
50,6.297055604477214,66,0,3.6400629705560448,1
24,15.592847347916589,44,4,1.920155928473479,0
78,6741.338696662157,7,2,1.7474133869666215,0
20,255.2373256730527,46,2,2.0825523732567306,0
60,3863.187356521196,34,2,2.438631873565212,0
64,69.58761280650344,63,2,3.640695876128065,1
22,40.43142176080066,79,2,3.440404314217608,1
51,62.55934734462407,1,1,0.9806255934734464,0
47,2572.7085324310456,58,3,3.0457270853243106,1
50,118.7831006504846,59,2,3.2011878310065045,1
33,3421.458197305327,78,3,3.5742145819730533,1
49,333.4454591854257,13,0,1.503334454591854,0
57,248.4111357683982,38,5,2.262484111357684,0
49,292.4810641731525,77,2,3.902924810641731,1
40,477.91000082427337,57,2,2.924779100008243,1
45,522.2461902280546,60,2,3.1452224619022804,1
54,39.08703409559398,35,4,2.160390870340956,0
18,3.729493494491453,18,5,0.6800372949349448,0
38,510748.54116356745,44,1,7.547485411635675,1
27,6685.018584341913,7,6,0.4068501858434192,0
62,31694.941002965123,60,1,3.876949410029651,1
75,78.2233728136336,58,1,3.740782233728136,1
56,581.1954786039261,13,2,1.4858119547860396,0
41,233.16279298681044,21,2,1.5023316279298682,0
46,347.96376769605195,47,1,2.7234796376769603,1
26,96.64816985720282,9,1,0.8009664816985721,0
28,21.712450663558226,15,0,1.1602171245066355,0
46,88.8719265211722,38,4,2.120888719265212,0
63,313.77105232587394,35,4,2.343137710523259,0
34,382.25447951142354,39,3,2.0038225447951143,0
30,42.37527266596875,43,0,2.32042375272666,0
32,42397.76759042362,60,3,3.223977675904236,1
20,112.41613070434882,77,1,3.4011241613070435,1
27,442.6467346098877,31,5,1.384426467346099,0
38,694.1832822970279,49,3,2.4869418328229704,1
44,330.8906492729947,43,1,2.52330890649273,1
48,1772.995117621002,16,3,1.37772995117621,0
18,221.77753109533188,14,2,0.7622177753109532,0
47,421.4314055738631,48,0,2.8642143140557383,1
50,298.14846877466886,17,1,1.6029814846877466,0
61,42.1475405093195,61,2,3.5004214754050933,1
68,860.0487084371944,6,0,1.608600487084372,0
49,134.25279938765124,79,1,4.061342527993877,1
19,3865.700810114193,71,4,2.938657008101142,1
21,142.64358024125758,3,4,0.2214264358024125,0
42,20.04285647190382,63,5,2.960200428564719,1
66,288.3736235028172,1,2,1.2028837362350284,0
18,11.96372139494366,12,0,0.8401196372139494,0
75,852.7193665837563,22,1,2.3085271936658374,0
45,157.95467199880426,78,0,4.021579546719988,1
55,123.03581609393062,2,2,1.0212303581609397,0
48,906.9928063979004,26,0,2.0090699280639788,0
60,4069.517644813727,55,0,3.4406951764481377,1
34,12568.105612594094,16,2,1.285681056125941,0
28,355.5340709819293,64,3,2.88355534070982,1
39,69.69687197512984,56,2,2.8606969687197514,1
69,214.3509269621562,57,0,3.662143509269622,1
37,5191.734681166135,11,2,1.0719173468116614,0
20,13690.007018172186,70,1,3.256900070181722,1
43,230.3504991686829,1,1,0.8223035049916869,0
62,654.6284750608057,11,3,1.446546284750608,0
58,1.136315217076324,19,3,1.6800113631521707,0
36,18.29484204434516,72,2,3.440182948420443,1
51,185.61303510742692,25,3,1.7818561303510745,0
55,2680.167777309822,17,3,1.5668016777730982,0
25,450.3340790069006,11,4,0.6245033407900689,0
38,71219.80277068166,65,2,3.912198027706817,1
63,2167.844250503385,3,2,1.241678442505034,0
29,863.5998720650975,62,2,2.908635998720651,1
49,73.311847978106,73,3,3.660733118479781,1
54,13.375915418685862,12,3,1.3201337591541868,0
56,9.61405221080327,54,2,3.120096140522108,1
66,119.65659922107676,9,3,1.4411965659922108,0
30,805.5931793731819,45,0,2.408055931793732,0
32,508.5607465312688,71,0,3.4850856074653125,1
23,123564.91162526175,15,0,2.295649116252618,0
23,0.6069997867451803,8,4,0.4600060699978675,0
28,4217.651412341926,53,1,2.6421765141234195,1
53,79.91870850879626,5,1,1.1807991870850878,0
35,158.14606010915176,30,2,1.7415814606010918,0
24,1.783346696316242,4,0,0.6400178334669632,0
79,78.52462696589097,76,2,4.460785246269658,1
44,68.42598044222393,50,0,2.880684259804422,1
26,1372.2021164923058,61,0,2.973722021164923,1
26,1340.1191358208384,57,0,2.8134011913582087,1
68,181.49121610457905,52,0,3.441814912161046,1
55,972.8787172907356,79,3,4.029728787172907,1
51,81.00850568576297,64,1,3.500810085056857,1
61,32511.337764302923,72,2,4.265113377643029,1
49,154.0742847358205,21,1,1.741540742847358,0
53,58.50456613768765,1,1,1.020585045661377,0
73,119.3678159768961,24,2,2.261193678159769,0
25,149.22530233279923,40,0,2.101492253023328,0
74,66522.02895144446,25,1,3.0652202895144445,1
31,338.1619804368857,33,1,1.863381619804369,0
55,8029.2825592138415,6,2,1.2602928255921386,0
71,2171.549464068171,74,2,4.241715494640681,1
53,214.3725268308173,68,0,3.782143725268308,1
25,14.332369580636469,12,2,0.8201433236958063,0
21,143.84976416231993,11,2,0.7014384976416231,0
74,414.0954023143877,3,2,1.4441409540231438,0
54,866.502602643395,61,4,3.208665026026434,1
26,1361.4380028446492,38,1,1.9736143800284465,0
51,26.38739514662707,57,2,3.1402638739514663,1
28,11.677639002272356,3,2,0.5201167763900227,0
73,27.433698133900677,56,2,3.540274336981339,1
69,2.49344840817059,14,2,1.780024934484082,0
32,9.1795925185361,21,1,1.4000917959251853,0
63,9.694754534854464,50,2,3.1000969475453486,1
76,388.1153379741106,75,2,4.363881153379741,1
32,2397.747168786117,79,2,3.663977471687861,1
63,151.98183962149955,12,3,1.501519818396215,0
24,88.80037268212189,79,2,3.4808880037268213,1
64,2222.4439011763548,52,1,3.302224439011764,1
19,86.32307610571982,46,2,2.0608632307610573,0
54,111.01496058942386,72,2,3.8011101496058943,1
66,206.58695958197387,11,2,1.60206586959582,0
42,104.96815845709524,7,3,0.881049681584571,0
24,48.02413632389688,14,1,0.9604802413632392,0
55,40.05614118624726,39,2,2.5004005614118627,1
69,1376.8692015921076,13,1,1.833768692015921,0
60,28.030330088269096,67,2,3.720280303300883,1
68,3590.6455154087826,62,1,3.795906455154088,1
18,17434.617156486114,52,2,2.454346171564861,0
22,3838.2191052032863,7,2,0.5983821910520329,0
50,85.60326510551661,42,5,2.280856032651055,0
18,10693.619219583834,50,2,2.3069361921958382,0
49,36.0450403433202,59,3,3.100360450403433,1
61,5506.844458707488,59,2,3.4750684445870745,1
27,13.694573596518492,71,0,3.3801369457359653,1
32,541.0545136265429,76,3,3.4454105451362658,1
55,33.0682316644875,63,1,3.540330682316645,1
44,3276.970439626697,70,5,3.3127697043962674,1
41,1071.1449724445224,15,2,1.2707114497244454,0
76,189270.7033171249,40,1,4.9327070331712495,1
42,470.7878595493265,60,1,3.164707878595493,1
77,127.49287774484098,52,2,3.461274928777448,1
32,24394.221073633675,70,3,3.4439422107363367,1
53,2922.2603504707013,10,0,1.489222603504707,0
50,9.906424086704249,73,0,3.9200990642408673,1
75,559.4088110305222,72,1,4.305594088110305,1
39,10450.170730323656,31,0,2.124501707303237,0
27,5.263950785014529,39,2,1.94005263950785,0
50,35.5516127097922,42,2,2.520355516127098,1
71,73.33852550775997,79,3,4.340733385255078,1
52,669.2386432729633,23,1,1.8866923864327296,0
36,524.5109740226347,10,1,1.0452451097402262,0
79,8.571521583286211,59,2,3.780085715215833,1
25,183.2624623829448,29,2,1.5018326246238296,0
72,22.146566647845773,29,1,2.520221465666478,1
44,1203.9667269917163,39,0,2.452039667269917,0
66,71.15859762182383,42,0,3.0007115859762186,1
38,1409.8575097637113,48,4,2.374098575097637,0
57,9.52065104828716,44,1,2.8200952065104827,1
48,2070.515241746406,21,1,1.740705152417464,0
25,4360.652610819897,26,3,1.3436065261081989,0
39,123.48366505163987,56,2,2.8612348366505165,1
19,2617.4299248576963,6,0,0.6461742992485769,0
78,669.8242805178443,62,1,3.9666982428051782,1
48,945.9791536788956,25,1,1.889459791536789,0
77,13920.242333451144,69,3,4.199202423334512,1
24,14301.647790174078,19,2,1.223016477901741,0
36,1962.816184168116,13,5,0.8596281618416811,0
75,185.16071166609237,11,2,1.781851607116661,0
28,54.31313654406416,57,2,2.680543131365441,1
53,92.63922350185788,56,1,3.220926392235019,1
62,66476.68010075559,30,2,2.944766801007556,1
29,1629.3516835703388,43,3,2.076293516835703,0
38,314.705385683228,1,3,0.5631470538568323,0
48,104153.7307147804,12,2,2.321537307147804,0
33,104.11202249603798,14,1,1.1410411202249604,0
45,2176.814733045182,53,1,2.961768147330452,1
28,300.1939534085581,56,3,2.563001939534086,1
36,159.42965146361624,8,3,0.8015942965146361,0
35,40924.597455880736,45,3,2.669245974558807,1
77,1807.556757076681,72,1,4.358075567570767,1
69,1645.8528928690191,20,4,1.8764585289286904,0
23,5.164130644660857,52,1,2.4600516413064466,0
32,80.17561280037734,20,2,1.2808017561280038,0
40,49.66292067937535,4,3,0.7204966292067938,0
73,83.95142268358018,46,3,3.060839514226836,1
40,105.40730154112222,62,4,2.961054073015412,1
40,452.97308478484337,71,2,3.484529730847848,1
55,5.28466085062839,65,1,3.620052846608506,1
76,47.9385341488934,36,1,2.8804793853414887,1
72,41307.27435368236,34,3,2.9730727435368234,1
33,253.12391399034,12,0,1.1425312391399034,0
73,1845.5854765915617,25,1,2.398455854765916,0
37,888.9608367586312,9,2,0.9488896083675864,0
77,5.0725466869435225,53,2,3.5000507254668696,1
45,560.8618787821375,40,2,2.3456086187878213,0
31,277.0456253291744,43,2,2.182770456253292,0
25,148303.7870368604,16,0,2.623037870368604,1
35,363.9895669639346,50,4,2.3836398956696394,0
35,8437.96523111951,32,0,2.064379652311195,0
58,1600.8739618041147,74,1,4.056008739618041,1
33,27054.544239049777,16,4,1.2505454423904976,0
36,105.50961819814847,70,1,3.441055096181982,1
35,487.3955999909299,59,2,2.904873955999909,1
47,12317.836205964826,3,3,0.9431783620596484,0
46,10.528445677805855,36,3,2.120105284456778,0
21,7982.705051453036,9,2,0.6998270505145303,0
58,3216.237148733453,32,1,2.392162371487334,0
18,18589.328726310505,50,3,2.305893287263105,0
28,119.98978094934198,51,3,2.361199897809493,0
61,198.9998773778185,35,3,2.3819899987737783,0
66,100.01099280665468,36,1,2.6810001099280667,1
51,7942.545348026351,42,2,2.6194254534802632,1
44,48419.67088672311,77,2,4.284196708867231,1
57,73.25596449198288,71,2,3.82073255964492,1
26,6465.045669316033,17,1,1.1846504566931602,0
57,47.45406026099417,58,1,3.3804745406026098,1
39,260.3283934042755,55,5,2.582603283934043,1
33,4.161114445979663,29,2,1.6600416111444598,0
66,3.03283624835637,15,2,1.7600303283624836,0
29,4005.763494239913,63,1,3.060057634942399,1
75,887.9976586065103,56,3,3.5088799765860657,1
24,90.51448462623524,57,0,2.7609051448462627,1
34,522.8246713261392,75,2,3.525228246713261,1
78,6252.8242219202375,20,6,1.9425282422192027,0
23,1955.428302324108,54,5,2.2395542830232413,0
78,3399.196582408573,60,3,3.7539919658240857,1
33,88.45014581463604,13,3,0.9408845014581464,0
31,3.935250976039263,8,4,0.6200393525097603,0
18,122.92680074305196,77,1,3.3612292680074303,1
20,34.253538486829235,25,1,1.320342535384868,0
27,24.83777228420925,33,1,1.7802483777228422,0
73,52.97347679103881,28,2,2.4205297347679102,0
35,277.05631543297875,46,3,2.30277056315433,0
36,2226.5299116522638,47,5,2.222265299116523,0
57,7560.98121537713,56,1,3.375609812153772,1
38,1389.2220099296676,58,1,3.0138922200992964,1
60,505.1662105630167,1,2,1.0850516621056303,0
28,256051.81137759384,38,5,4.240518113775938,1
30,116714.54832174312,19,2,2.3671454832174312,0
60,67.36027188185467,31,2,2.280673602718818,0
47,334.09091992334686,21,1,1.7033409091992335,0
19,661.9047236942611,44,3,1.9066190472369424,0
66,43.09598325494101,36,3,2.5204309598325496,1
47,59.67481496492206,42,2,2.460596748149649,0
24,61.581315502554375,24,3,1.2006158131550255,0
66,356.33740113309165,55,2,3.3635633740113318,1
31,910.0376210789144,42,5,1.9091003762107888,0
25,539.8973355322225,72,1,3.305398973355322,1
31,3637.4476741317726,50,3,2.416374476741318,0
65,815.7258965676949,18,0,2.0281572589656767,0
33,23.09868288428555,49,1,2.540230986828843,1
66,39.44752395130652,47,1,3.120394475239513,1
66,12862.020596472024,62,1,3.84862020596472,1
66,416.75719533565206,68,1,3.964167571953357,1
41,2504.0869541134007,15,2,1.2850408695411342,0
65,1129.513470826589,77,5,3.9912951347082655,1
61,144.37683208528048,20,2,1.861443768320853,0
39,90.78512086602588,39,3,2.1009078512086603,0
21,1316.8785873483955,39,1,1.913168785873484,0
37,9514.470937079765,15,2,1.2751447093707975,0
47,2834.0875938695176,69,1,3.648340875938696,1
75,1811.591144454865,38,0,3.0381159114445486,1
35,41769.47419296388,77,1,4.117694741929639,1
66,736.2155033664325,6,7,1.0073621550336642,0
63,175.89483840685497,20,3,1.8217589483840684,0
24,27.66724415136597,71,1,3.2402766724415133,1
73,26.228312349963456,56,1,3.6202622831235,1
33,2.6270485044521794,54,4,2.5000262704850447,1
55,25445.1142499333,73,1,4.194451142499333,1
31,184.23565453172904,66,2,3.1018423565453173,1
54,651.9254815293256,50,1,3.0065192548152933,1
19,48.02500395052942,5,1,0.5004802500395054,0
31,24.677038309089053,3,3,0.5002467703830908,0
42,3154.6949654207983,65,3,3.2315469496542084,1
26,446.6328081640448,24,3,1.2444663280816404,0
26,10.45912761145938,38,1,1.9601045912761144,0
67,26977.61647461283,23,2,2.369776164746128,0
53,21.74065442891126,45,4,2.540217406544289,1
45,817.8207290560642,66,3,3.308178207290561,1
54,11126.0481190275,21,1,1.9512604811902752,0
73,1545.2665360685537,34,1,2.7554526653606857,1
35,842.0179213189398,54,1,2.788420179213189,1
43,139.22066383472557,75,2,3.701392206638347,1
34,618.0833203282169,42,2,2.206180833203282,0
36,1238.6240425812962,23,3,1.412386240425813,0
48,537.5731434999419,11,3,1.1653757314349993,0
78,20.686303248350445,45,0,3.3602068630324835,1
24,4681.690819184512,29,4,1.366816908191845,0
72,882.5642387030834,20,0,2.2488256423870308,0
69,436.35438189354494,3,2,1.344363543818936,0
42,38.334301986941405,29,1,1.920383343019869,0
54,67.06024806677556,32,3,2.120670602480668,0
28,19.853041130820657,5,1,0.6801985304113084,0
57,1974.6402802324644,19,1,1.8397464028023247,0
76,112.95775896941024,41,4,2.8411295775896943,1
32,2491.305308251387,45,4,2.1449130530825142,0
52,171.71600416297585,5,2,1.0817171600416298,0
23,11123.156329233509,41,3,1.9712315632923352,0
68,433.06978049248585,23,3,2.0443306978049254,0
63,89.79491136872049,60,4,3.340897949113687,1
44,196.8818433039394,40,2,2.32196881843304,0
64,692.9727849142661,3,2,1.246929727849143,0
60,35758.4543391876,41,2,3.037584543391876,1
28,727.7583964528931,18,3,1.047277583964529,0
67,310.516943518148,36,1,2.7031051694351813,1
55,46.625093577132176,22,1,1.9004662509357717,0
67,4601.090283131142,60,4,3.4660109028313117,1
22,20796.5830372345,17,3,1.087965830372345,0
30,10.860888299662102,17,2,1.1201086088829968,0
34,644.8624734769985,51,0,2.72644862473477,1
25,52.714929506157546,52,2,2.420527149295061,0
76,1.218314299937559,40,2,2.9600121831429997,1
71,17655.42325488524,7,2,1.7165542325488523,0
57,52.00327860132842,75,2,3.980520032786013,1
54,33854.8335211004,33,4,2.4185483352110047,0
56,1817.09990329248,7,1,1.338170999032925,0
43,1246.5176542641882,32,5,1.7524651765426422,0
68,109.8282253026563,59,1,3.6410982822530262,1
78,837.833220070673,63,5,3.688378332200706,1
46,32272.11435071466,48,0,3.1627211435071465,1
50,301.05480634459576,32,1,2.203010548063446,0
69,889.7613536178882,79,2,4.388897613536179,1
22,754.1587657394844,22,1,1.2475415876573948,0
43,19.278765536116182,55,1,2.980192787655361,1
67,104054.90919339318,25,1,3.300549091933932,1
62,622221.2584434391,58,1,9.702212584434392,1
22,975.140694881643,30,4,1.3297514069488163,0
71,15.479980325002357,46,4,2.9401547998032505,1
57,162.229690465428,7,3,1.1816222969046544,0
39,220.49097354631584,31,0,2.0222049097354637,0
37,16833.494169599806,3,0,1.0283349416959982,0
63,280380.6293981109,12,1,4.46380629398111,1
78,1503.0792795436182,56,0,3.815030792795437,1
24,30530.373482427192,6,2,0.8653037348242719,0
50,11498.44092969623,54,3,3.0349844092969622,1
26,6641.33178379371,17,2,1.1064133178379374,0
18,205.6113767793771,66,1,2.922056113767794,1
35,18908.174416724967,15,5,1.0890817441672498,0
47,10.639813504854429,55,3,2.900106398135049,1
33,4339.368889416623,2,0,0.7833936888941663,0
74,947.7091434943076,46,0,3.329477091434943,1
57,49.67174507221272,74,3,3.8604967174507214,1
70,14700.408899721451,66,2,4.027004088997215,1
62,2525.8364953820096,26,3,2.06525836495382,0
34,14426.75327035586,1,6,0.3842675327035587,0
40,109.03109472037416,52,0,2.881090310947204,1
29,72.8551413053187,73,1,3.420728551413053,1
31,118.67334323030944,53,2,2.581186733432303,1
40,712.6545762810559,75,3,3.567126545762811,1
65,124.45646536389208,73,2,4.061244564653639,1
19,2711.743747910808,7,1,0.6071174374791082,0
40,107.71142700031928,31,2,1.8810771142700036,0
74,6151.101738180351,43,2,3.101511017381803,1
48,310.7485870489698,64,1,3.443107485870489,1
19,175.91507928689873,34,2,1.5817591507928692,0
52,4071.979738857932,3,3,0.9607197973885796,0
36,796.5391579175316,32,2,1.8479653915791756,0
25,90.81343613550644,18,1,1.140908134361355,0
78,601.9305399240923,13,2,1.9260193053992412,0
66,54.43286249428137,52,1,3.320544328624943,1
52,4824.422648260092,18,5,1.408244226482601,0
41,1.9016242272384267,46,1,2.5800190162422725,1
66,313.5880454647096,14,5,1.4831358804546473,0
41,102.4941256544209,36,3,2.0210249412565444,0
19,673.8495403664219,19,2,0.9867384954036644,0
70,33.98957728659136,18,3,1.880339895772866,0
69,352.57249094270134,37,2,2.7035257249094267,1
39,1320.2671509844818,4,3,0.7132026715098448,0
59,23288.88927661903,69,4,3.8528888927661904,1
27,27725.964843495683,10,3,0.9772596484349568,0
45,4.036648284277645,34,4,1.9400403664828427,0
26,4.640050121918588,54,4,2.3600464005012194,0
24,5072.103609672308,38,5,1.6507210360967233,0
42,1237.474381433119,74,2,3.652374743814331,1
58,289.7298230090328,47,1,2.9628972982300903,1
